t f_inst
0.000000000000000000e+00 1.231235000000000000e+05
1.000500250125062601e-08 1.231235000000000000e+05
2.001000500250125201e-08 1.231235000000000000e+05
3.001500750375187471e-08 1.231235000000000000e+05
4.002001000500250403e-08 1.231235000000000000e+05
5.002501250625313334e-08 1.231235000000000000e+05
6.003001500750374942e-08 1.231235000000000000e+05
7.003501750875437874e-08 1.231235000000000000e+05
8.004002001000500806e-08 1.231235000000000000e+05
9.004502251125563737e-08 1.231235000000000000e+05
1.000500250125062667e-07 1.231235000000000000e+05
1.100550275137568828e-07 1.231235000000000000e+05
1.200600300150074988e-07 1.231235000000000000e+05
1.300650325162581414e-07 1.231235000000000000e+05
1.400700350175087575e-07 1.231235000000000000e+05
1.500750375187594000e-07 1.231235000000000000e+05
1.600800400200100161e-07 1.231235000000000000e+05
1.700850425212606322e-07 1.231235000000000000e+05
1.800900450225112747e-07 1.231235000000000000e+05
1.900950475237618908e-07 1.231235000000000000e+05
2.001000500250125334e-07 6.156175000000000000e+04
2.101050525262631495e-07 6.156175000000000000e+04
2.201100550275137655e-07 6.156175000000000000e+04
2.301150575287644081e-07 6.156175000000000000e+04
2.401200600300149977e-07 6.156175000000000000e+04
2.501250625312656402e-07 6.156175000000000000e+04
2.601300650325162828e-07 6.156175000000000000e+04
2.701350675337669253e-07 6.156175000000000000e+04
2.801400700350175150e-07 6.156175000000000000e+04
2.901450725362681575e-07 6.156175000000000000e+04
3.001500750375188001e-07 6.156175000000000000e+04
3.101550775387693897e-07 6.156175000000000000e+04
3.201600800400200322e-07 6.156175000000000000e+04
3.301650825412706748e-07 6.156175000000000000e+04
3.401700850425212644e-07 6.156175000000000000e+04
3.501750875437719069e-07 6.156175000000000000e+04
3.601800900450225495e-07 6.156175000000000000e+04
3.701850925462731391e-07 6.156175000000000000e+04
3.801900950475237816e-07 6.156175000000000000e+04
3.901950975487744242e-07 6.156175000000000000e+04
4.002001000500250667e-07 6.156175000000000000e+04
4.102051025512756564e-07 6.156175000000000000e+04
4.202101050525262989e-07 6.156175000000000000e+04
4.302151075537769415e-07 6.156175000000000000e+04
4.402201100550275311e-07 6.156175000000000000e+04
4.502251125562781736e-07 6.156175000000000000e+04
4.602301150575288162e-07 6.156175000000000000e+04
4.702351175587794058e-07 6.156175000000000000e+04
4.802401200600299954e-07 6.156175000000000000e+04
4.902451225612806379e-07 6.156175000000000000e+04
5.002501250625312805e-07 6.156175000000000000e+04
5.102551275637819230e-07 6.156175000000000000e+04
5.202601300650325656e-07 6.156175000000000000e+04
5.302651325662832081e-07 6.156175000000000000e+04
5.402701350675338507e-07 6.156175000000000000e+04
5.502751375687843874e-07 6.156175000000000000e+04
5.602801400700350299e-07 6.156175000000000000e+04
5.702851425712856725e-07 6.156175000000000000e+04
5.802901450725363150e-07 6.156175000000000000e+04
5.902951475737869576e-07 6.156175000000000000e+04
6.003001500750376001e-07 6.156175000000000000e+04
6.103051525762881368e-07 6.156175000000000000e+04
6.203101550775387793e-07 6.156175000000000000e+04
6.303151575787894219e-07 6.156175000000000000e+04
6.403201600800400644e-07 6.156175000000000000e+04
6.503251625812907070e-07 6.156175000000000000e+04
6.603301650825413495e-07 6.156175000000000000e+04
6.703351675837919921e-07 6.156175000000000000e+04
6.803401700850425288e-07 6.156175000000000000e+04
6.903451725862931713e-07 6.156175000000000000e+04
7.003501750875438139e-07 6.156175000000000000e+04
7.103551775887944564e-07 6.156175000000000000e+04
7.203601800900450990e-07 6.156175000000000000e+04
7.303651825912957415e-07 6.156175000000000000e+04
7.403701850925462782e-07 6.156175000000000000e+04
7.503751875937969207e-07 6.156175000000000000e+04
7.603801900950475633e-07 6.156175000000000000e+04
7.703851925962982058e-07 6.156175000000000000e+04
7.803901950975488484e-07 6.156175000000000000e+04
7.903951975987994909e-07 6.156175000000000000e+04
8.004002001000501335e-07 6.156175000000000000e+04
8.104052026013006702e-07 6.156175000000000000e+04
8.204102051025513127e-07 6.156175000000000000e+04
8.304152076038019553e-07 6.156175000000000000e+04
8.404202101050525978e-07 6.156175000000000000e+04
8.504252126063032404e-07 6.156175000000000000e+04
8.604302151075538829e-07 6.156175000000000000e+04
8.704352176088044196e-07 6.156175000000000000e+04
8.804402201100550621e-07 6.156175000000000000e+04
8.904452226113057047e-07 6.156175000000000000e+04
9.004502251125563472e-07 6.156175000000000000e+04
9.104552276138069898e-07 6.156175000000000000e+04
9.204602301150576323e-07 6.156175000000000000e+04
9.304652326163081690e-07 6.156175000000000000e+04
9.404702351175588116e-07 6.156175000000000000e+04
9.504752376188094541e-07 6.156175000000000000e+04
9.604802401200599908e-07 6.156175000000000000e+04
9.704852426213106333e-07 6.156175000000000000e+04
9.804902451225612759e-07 6.156175000000000000e+04
9.904952476238119184e-07 6.156175000000000000e+04
1.000500250125062561e-06 6.156175000000000000e+04
1.010505252626313204e-06 6.156175000000000000e+04
1.020510255127563846e-06 6.156175000000000000e+04
1.030515257628814489e-06 6.156175000000000000e+04
1.040520260130065131e-06 6.156175000000000000e+04
1.050525262631315774e-06 6.156175000000000000e+04
1.060530265132566416e-06 6.156175000000000000e+04
1.070535267633817059e-06 6.156175000000000000e+04
1.080540270135067701e-06 6.156175000000000000e+04
1.090545272636318132e-06 6.156175000000000000e+04
1.100550275137568775e-06 6.156175000000000000e+04
1.110555277638819417e-06 6.156175000000000000e+04
1.120560280140070060e-06 6.156175000000000000e+04
1.130565282641320702e-06 6.156175000000000000e+04
1.140570285142571345e-06 6.156175000000000000e+04
1.150575287643821987e-06 6.156175000000000000e+04
1.160580290145072630e-06 6.156175000000000000e+04
1.170585292646323273e-06 6.156175000000000000e+04
1.180590295147573915e-06 6.156175000000000000e+04
1.190595297648824558e-06 6.156175000000000000e+04
1.200600300150075200e-06 6.156175000000000000e+04
1.210605302651325843e-06 6.156175000000000000e+04
1.220610305152576274e-06 6.156175000000000000e+04
1.230615307653826916e-06 6.156175000000000000e+04
1.240620310155077559e-06 6.156175000000000000e+04
1.250625312656328201e-06 6.156175000000000000e+04
1.260630315157578844e-06 6.156175000000000000e+04
1.270635317658829486e-06 6.156175000000000000e+04
1.280640320160080129e-06 6.156175000000000000e+04
1.290645322661330771e-06 6.156175000000000000e+04
1.300650325162581414e-06 6.156175000000000000e+04
1.310655327663832057e-06 6.156175000000000000e+04
1.320660330165082699e-06 6.156175000000000000e+04
1.330665332666333342e-06 6.156175000000000000e+04
1.340670335167583984e-06 6.156175000000000000e+04
1.350675337668834415e-06 6.156175000000000000e+04
1.360680340170085058e-06 6.156175000000000000e+04
1.370685342671335700e-06 6.156175000000000000e+04
1.380690345172586343e-06 6.156175000000000000e+04
1.390695347673836985e-06 6.156175000000000000e+04
1.400700350175087628e-06 6.156175000000000000e+04
1.410705352676338270e-06 6.156175000000000000e+04
1.420710355177588913e-06 6.156175000000000000e+04
1.430715357678839555e-06 6.156175000000000000e+04
1.440720360180090198e-06 6.156175000000000000e+04
1.450725362681340840e-06 6.156175000000000000e+04
1.460730365182591483e-06 6.156175000000000000e+04
1.470735367683842126e-06 6.156175000000000000e+04
1.480740370185092556e-06 6.156175000000000000e+04
1.490745372686343199e-06 6.156175000000000000e+04
1.500750375187593841e-06 6.156175000000000000e+04
1.510755377688844484e-06 6.156175000000000000e+04
1.520760380190095127e-06 6.156175000000000000e+04
1.530765382691345769e-06 6.156175000000000000e+04
1.540770385192596412e-06 6.156175000000000000e+04
1.550775387693847054e-06 6.156175000000000000e+04
1.560780390195097697e-06 6.156175000000000000e+04
1.570785392696348339e-06 6.156175000000000000e+04
1.580790395197598982e-06 6.156175000000000000e+04
1.590795397698849624e-06 6.156175000000000000e+04
1.600800400200100267e-06 6.156175000000000000e+04
1.610805402701350698e-06 6.156175000000000000e+04
1.620810405202601340e-06 6.156175000000000000e+04
1.630815407703851983e-06 6.156175000000000000e+04
1.640820410205102625e-06 6.156175000000000000e+04
1.650825412706353268e-06 6.156175000000000000e+04
1.660830415207603911e-06 6.156175000000000000e+04
1.670835417708854553e-06 6.156175000000000000e+04
1.680840420210105196e-06 6.156175000000000000e+04
1.690845422711355838e-06 6.156175000000000000e+04
1.700850425212606481e-06 6.156175000000000000e+04
1.710855427713857123e-06 6.156175000000000000e+04
1.720860430215107766e-06 6.156175000000000000e+04
1.730865432716358197e-06 6.156175000000000000e+04
1.740870435217608839e-06 6.156175000000000000e+04
1.750875437718859482e-06 6.156175000000000000e+04
1.760880440220110124e-06 6.156175000000000000e+04
1.770885442721360767e-06 6.156175000000000000e+04
1.780890445222611409e-06 6.156175000000000000e+04
1.790895447723862052e-06 6.156175000000000000e+04
1.800900450225112694e-06 6.156175000000000000e+04
1.810905452726363337e-06 6.156175000000000000e+04
1.820910455227613980e-06 6.156175000000000000e+04
1.830915457728864622e-06 6.156175000000000000e+04
1.840920460230115265e-06 6.156175000000000000e+04
1.850925462731365907e-06 6.156175000000000000e+04
1.860930465232616338e-06 6.156175000000000000e+04
1.870935467733866981e-06 6.156175000000000000e+04
1.880940470235117623e-06 6.156175000000000000e+04
1.890945472736368266e-06 6.156175000000000000e+04
1.900950475237618908e-06 6.156175000000000000e+04
1.910955477738869551e-06 6.156175000000000000e+04
1.920960480240119982e-06 6.156175000000000000e+04
1.930965482741370836e-06 6.156175000000000000e+04
1.940970485242621267e-06 6.156175000000000000e+04
1.950975487743872121e-06 6.156175000000000000e+04
1.960980490245122552e-06 6.156175000000000000e+04
1.970985492746373406e-06 6.156175000000000000e+04
1.980990495247623837e-06 6.156175000000000000e+04
1.990995497748874691e-06 6.156175000000000000e+04
2.001000500250125122e-06 6.156175000000000000e+04
2.011005502751375976e-06 6.156175000000000000e+04
2.021010505252626407e-06 6.156175000000000000e+04
2.031015507753877261e-06 6.156175000000000000e+04
2.041020510255127692e-06 6.156175000000000000e+04
2.051025512756378123e-06 6.156175000000000000e+04
2.061030515257628977e-06 6.156175000000000000e+04
2.071035517758879408e-06 6.156175000000000000e+04
2.081040520260130262e-06 6.156175000000000000e+04
2.091045522761380693e-06 6.156175000000000000e+04
2.101050525262631547e-06 6.156175000000000000e+04
2.111055527763881978e-06 6.156175000000000000e+04
2.121060530265132833e-06 6.156175000000000000e+04
2.131065532766383263e-06 6.156175000000000000e+04
2.141070535267634118e-06 6.156175000000000000e+04
2.151075537768884548e-06 6.156175000000000000e+04
2.161080540270135403e-06 6.156175000000000000e+04
2.171085542771385834e-06 6.156175000000000000e+04
2.181090545272636264e-06 6.156175000000000000e+04
2.191095547773887119e-06 6.156175000000000000e+04
2.201100550275137549e-06 6.156175000000000000e+04
2.211105552776388404e-06 6.156175000000000000e+04
2.221110555277638835e-06 6.156175000000000000e+04
2.231115557778889689e-06 6.156175000000000000e+04
2.241120560280140120e-06 6.156175000000000000e+04
2.251125562781390974e-06 6.156175000000000000e+04
2.261130565282641405e-06 6.156175000000000000e+04
2.271135567783892259e-06 6.156175000000000000e+04
2.281140570285142690e-06 6.156175000000000000e+04
2.291145572786393544e-06 6.156175000000000000e+04
2.301150575287643975e-06 6.156175000000000000e+04
2.311155577788894406e-06 6.156175000000000000e+04
2.321160580290145260e-06 6.156175000000000000e+04
2.331165582791395691e-06 6.156175000000000000e+04
2.341170585292646545e-06 6.156175000000000000e+04
2.351175587793896976e-06 6.156175000000000000e+04
2.361180590295147830e-06 6.156175000000000000e+04
2.371185592796398261e-06 6.156175000000000000e+04
2.381190595297649115e-06 6.156175000000000000e+04
2.391195597798899546e-06 6.156175000000000000e+04
2.401200600300150400e-06 6.156175000000000000e+04
2.411205602801400831e-06 6.156175000000000000e+04
2.421210605302651686e-06 6.156175000000000000e+04
2.431215607803902116e-06 6.156175000000000000e+04
2.441220610305152547e-06 6.156175000000000000e+04
2.451225612806403401e-06 6.156175000000000000e+04
2.461230615307653832e-06 6.156175000000000000e+04
2.471235617808904687e-06 6.156175000000000000e+04
2.481240620310155117e-06 6.156175000000000000e+04
2.491245622811405972e-06 6.156175000000000000e+04
2.501250625312656402e-06 6.156175000000000000e+04
2.511255627813907257e-06 6.156175000000000000e+04
2.521260630315157688e-06 6.156175000000000000e+04
2.531265632816408542e-06 6.156175000000000000e+04
2.541270635317658973e-06 6.156175000000000000e+04
2.551275637818909827e-06 6.156175000000000000e+04
2.561280640320160258e-06 6.156175000000000000e+04
2.571285642821410689e-06 6.156175000000000000e+04
2.581290645322661543e-06 6.156175000000000000e+04
2.591295647823911974e-06 6.156175000000000000e+04
2.601300650325162828e-06 6.156175000000000000e+04
2.611305652826413259e-06 6.156175000000000000e+04
2.621310655327664113e-06 6.156175000000000000e+04
2.631315657828914544e-06 6.156175000000000000e+04
2.641320660330165398e-06 6.156175000000000000e+04
2.651325662831415829e-06 6.156175000000000000e+04
2.661330665332666683e-06 6.156175000000000000e+04
2.671335667833917114e-06 6.156175000000000000e+04
2.681340670335167968e-06 6.156175000000000000e+04
2.691345672836418399e-06 6.156175000000000000e+04
2.701350675337668830e-06 6.156175000000000000e+04
2.711355677838919684e-06 6.156175000000000000e+04
2.721360680340170115e-06 6.156175000000000000e+04
2.731365682841420969e-06 6.156175000000000000e+04
2.741370685342671400e-06 6.156175000000000000e+04
2.751375687843922254e-06 6.156175000000000000e+04
2.761380690345172685e-06 6.156175000000000000e+04
2.771385692846423540e-06 6.156175000000000000e+04
2.781390695347673970e-06 6.156175000000000000e+04
2.791395697848924825e-06 6.156175000000000000e+04
2.801400700350175255e-06 6.156175000000000000e+04
2.811405702851426110e-06 6.156175000000000000e+04
2.821410705352676541e-06 6.156175000000000000e+04
2.831415707853926971e-06 6.156175000000000000e+04
2.841420710355177826e-06 6.156175000000000000e+04
2.851425712856428256e-06 6.156175000000000000e+04
2.861430715357679111e-06 6.156175000000000000e+04
2.871435717858929542e-06 6.156175000000000000e+04
2.881440720360180396e-06 6.156175000000000000e+04
2.891445722861430827e-06 6.156175000000000000e+04
2.901450725362681681e-06 6.156175000000000000e+04
2.911455727863932112e-06 6.156175000000000000e+04
2.921460730365182966e-06 6.156175000000000000e+04
2.931465732866433397e-06 6.156175000000000000e+04
2.941470735367684251e-06 6.156175000000000000e+04
2.951475737868934682e-06 6.156175000000000000e+04
2.961480740370185113e-06 6.156175000000000000e+04
2.971485742871435967e-06 6.156175000000000000e+04
2.981490745372686398e-06 6.156175000000000000e+04
2.991495747873937252e-06 6.156175000000000000e+04
3.001500750375187683e-06 6.156175000000000000e+04
3.011505752876438537e-06 6.156175000000000000e+04
3.021510755377688968e-06 6.156175000000000000e+04
3.031515757878939822e-06 6.156175000000000000e+04
3.041520760380190253e-06 6.156175000000000000e+04
3.051525762881441107e-06 6.156175000000000000e+04
3.061530765382691538e-06 6.156175000000000000e+04
3.071535767883942393e-06 6.156175000000000000e+04
3.081540770385192823e-06 6.156175000000000000e+04
3.091545772886443254e-06 6.156175000000000000e+04
3.101550775387694108e-06 6.156175000000000000e+04
3.111555777888944539e-06 6.156175000000000000e+04
3.121560780390195394e-06 6.156175000000000000e+04
3.131565782891445824e-06 6.156175000000000000e+04
3.141570785392696679e-06 6.156175000000000000e+04
3.151575787893947109e-06 6.156175000000000000e+04
3.161580790395197964e-06 6.156175000000000000e+04
3.171585792896448395e-06 6.156175000000000000e+04
3.181590795397699249e-06 6.156175000000000000e+04
3.191595797898949680e-06 6.156175000000000000e+04
3.201600800400200534e-06 6.156175000000000000e+04
3.211605802901450965e-06 6.156175000000000000e+04
3.221610805402701396e-06 6.156175000000000000e+04
3.231615807903952250e-06 6.156175000000000000e+04
3.241620810405202681e-06 6.156175000000000000e+04
3.251625812906453535e-06 6.156175000000000000e+04
3.261630815407703966e-06 6.156175000000000000e+04
3.271635817908954820e-06 6.156175000000000000e+04
3.281640820410205251e-06 6.156175000000000000e+04
3.291645822911456105e-06 6.156175000000000000e+04
3.301650825412706536e-06 6.156175000000000000e+04
3.311655827913957390e-06 6.156175000000000000e+04
3.321660830415207821e-06 6.156175000000000000e+04
3.331665832916458252e-06 6.156175000000000000e+04
3.341670835417709106e-06 6.156175000000000000e+04
3.351675837918959537e-06 6.156175000000000000e+04
3.361680840420210391e-06 6.156175000000000000e+04
3.371685842921460822e-06 6.156175000000000000e+04
3.381690845422711676e-06 6.156175000000000000e+04
3.391695847923962107e-06 6.156175000000000000e+04
3.401700850425212961e-06 6.156175000000000000e+04
3.411705852926463392e-06 6.156175000000000000e+04
3.421710855427714247e-06 6.156175000000000000e+04
3.431715857928964677e-06 6.156175000000000000e+04
3.441720860430215532e-06 6.156175000000000000e+04
3.451725862931465962e-06 6.156175000000000000e+04
3.461730865432716393e-06 6.156175000000000000e+04
3.471735867933967248e-06 6.156175000000000000e+04
3.481740870435217678e-06 6.156175000000000000e+04
3.491745872936468533e-06 6.156175000000000000e+04
3.501750875437718963e-06 6.156175000000000000e+04
3.511755877938969818e-06 6.156175000000000000e+04
3.521760880440220249e-06 6.156175000000000000e+04
3.531765882941471103e-06 6.156175000000000000e+04
3.541770885442721534e-06 6.156175000000000000e+04
3.551775887943972388e-06 6.156175000000000000e+04
3.561780890445222819e-06 6.156175000000000000e+04
3.571785892946473673e-06 6.156175000000000000e+04
3.581790895447724104e-06 6.156175000000000000e+04
3.591795897948974535e-06 6.156175000000000000e+04
3.601800900450225389e-06 6.156175000000000000e+04
3.611805902951475820e-06 6.156175000000000000e+04
3.621810905452726674e-06 6.156175000000000000e+04
3.631815907953977105e-06 6.156175000000000000e+04
3.641820910455227959e-06 6.156175000000000000e+04
3.651825912956478390e-06 6.156175000000000000e+04
3.661830915457729244e-06 6.156175000000000000e+04
3.671835917958979675e-06 6.156175000000000000e+04
3.681840920460230529e-06 6.156175000000000000e+04
3.691845922961480960e-06 6.156175000000000000e+04
3.701850925462731814e-06 6.156175000000000000e+04
3.711855927963982245e-06 6.156175000000000000e+04
3.721860930465232676e-06 6.156175000000000000e+04
3.731865932966483530e-06 6.156175000000000000e+04
3.741870935467733961e-06 6.156175000000000000e+04
3.751875937968984815e-06 6.156175000000000000e+04
3.761880940470235246e-06 6.156175000000000000e+04
3.771885942971486101e-06 6.156175000000000000e+04
3.781890945472736531e-06 6.156175000000000000e+04
3.791895947973987386e-06 6.156175000000000000e+04
3.801900950475237816e-06 6.156175000000000000e+04
3.811905952976488671e-06 6.156175000000000000e+04
3.821910955477739102e-06 6.156175000000000000e+04
3.831915957978989532e-06 6.156175000000000000e+04
3.841920960480239963e-06 6.156175000000000000e+04
3.851925962981491241e-06 6.156175000000000000e+04
3.861930965482741672e-06 6.156175000000000000e+04
3.871935967983992103e-06 6.156175000000000000e+04
3.881940970485242533e-06 6.156175000000000000e+04
3.891945972986493811e-06 6.156175000000000000e+04
3.901950975487744242e-06 6.156175000000000000e+04
3.911955977988994673e-06 6.156175000000000000e+04
3.921960980490245104e-06 6.156175000000000000e+04
3.931965982991496381e-06 6.156175000000000000e+04
3.941970985492746812e-06 6.156175000000000000e+04
3.951975987993997243e-06 6.156175000000000000e+04
3.961980990495247674e-06 6.156175000000000000e+04
3.971985992996498105e-06 6.156175000000000000e+04
3.981990995497749382e-06 6.156175000000000000e+04
3.991995997998999813e-06 6.156175000000000000e+04
4.002001000500250244e-06 6.156175000000000000e+04
4.012006003001500675e-06 6.156175000000000000e+04
4.022011005502751953e-06 6.156175000000000000e+04
4.032016008004002383e-06 6.156175000000000000e+04
4.042021010505252814e-06 6.156175000000000000e+04
4.052026013006503245e-06 6.156175000000000000e+04
4.062031015507754523e-06 6.156175000000000000e+04
4.072036018009004954e-06 6.156175000000000000e+04
4.082041020510255384e-06 6.156175000000000000e+04
4.092046023011505815e-06 2.500000000000000000e+06
4.102051025512756246e-06 2.500000000000000000e+06
4.112056028014007524e-06 2.500000000000000000e+06
4.122061030515257955e-06 2.500000000000000000e+06
4.132066033016508385e-06 2.500000000000000000e+06
4.142071035517758816e-06 2.500000000000000000e+06
4.152076038019010094e-06 2.500000000000000000e+06
4.162081040520260525e-06 2.500000000000000000e+06
4.172086043021510956e-06 2.500000000000000000e+06
4.182091045522761386e-06 2.500000000000000000e+06
4.192096048024012664e-06 2.500000000000000000e+06
4.202101050525263095e-06 2.500000000000000000e+06
4.212106053026513526e-06 2.500000000000000000e+06
4.222111055527763957e-06 2.500000000000000000e+06
4.232116058029014387e-06 2.500000000000000000e+06
4.242121060530265665e-06 2.726269250000000000e+06
4.252126063031516096e-06 2.726269250000000000e+06
4.262131065532766527e-06 2.726269250000000000e+06
4.272136068034016958e-06 2.726269250000000000e+06
4.282141070535268235e-06 2.726269250000000000e+06
4.292146073036518666e-06 2.726269250000000000e+06
4.302151075537769097e-06 2.726269250000000000e+06
4.312156078039019528e-06 2.726269250000000000e+06
4.322161080540270806e-06 2.726269250000000000e+06
4.332166083041521236e-06 2.726269250000000000e+06
4.342171085542771667e-06 2.726269250000000000e+06
4.352176088044022098e-06 2.726269250000000000e+06
4.362181090545272529e-06 2.726269250000000000e+06
4.372186093046523807e-06 2.726269250000000000e+06
4.382191095547774237e-06 2.726269250000000000e+06
4.392196098049024668e-06 2.726269250000000000e+06
4.402201100550275099e-06 2.726269250000000000e+06
4.412206103051526377e-06 2.726269250000000000e+06
4.422211105552776808e-06 2.726269250000000000e+06
4.432216108054027238e-06 2.726269250000000000e+06
4.442221110555277669e-06 2.726269250000000000e+06
4.452226113056528947e-06 2.726269250000000000e+06
4.462231115557779378e-06 2.726269250000000000e+06
4.472236118059029809e-06 2.726269250000000000e+06
4.482241120560280239e-06 2.726269250000000000e+06
4.492246123061530670e-06 2.726269250000000000e+06
4.502251125562781948e-06 2.726269250000000000e+06
4.512256128064032379e-06 2.726269250000000000e+06
4.522261130565282810e-06 2.726269250000000000e+06
4.532266133066533240e-06 2.726269250000000000e+06
4.542271135567784518e-06 2.726269250000000000e+06
4.552276138069034949e-06 2.726269250000000000e+06
4.562281140570285380e-06 2.726269250000000000e+06
4.572286143071535811e-06 2.726269250000000000e+06
4.582291145572787088e-06 2.726269250000000000e+06
4.592296148074037519e-06 2.726269250000000000e+06
4.602301150575287950e-06 2.726269250000000000e+06
4.612306153076538381e-06 2.726269250000000000e+06
4.622311155577788812e-06 2.726269250000000000e+06
4.632316158079040089e-06 2.726269250000000000e+06
4.642321160580290520e-06 2.726269250000000000e+06
4.652326163081540951e-06 2.726269250000000000e+06
4.662331165582791382e-06 2.726269250000000000e+06
4.672336168084042660e-06 2.726269250000000000e+06
4.682341170585293090e-06 2.726269250000000000e+06
4.692346173086543521e-06 2.726269250000000000e+06
4.702351175587793952e-06 2.726269250000000000e+06
4.712356178089045230e-06 2.726269250000000000e+06
4.722361180590295661e-06 2.726269250000000000e+06
4.732366183091546091e-06 2.726269250000000000e+06
4.742371185592796522e-06 2.726269250000000000e+06
4.752376188094046953e-06 2.726269250000000000e+06
4.762381190595298231e-06 2.726269250000000000e+06
4.772386193096548662e-06 2.726269250000000000e+06
4.782391195597799092e-06 2.726269250000000000e+06
4.792396198099049523e-06 2.726269250000000000e+06
4.802401200600300801e-06 2.726269250000000000e+06
4.812406203101551232e-06 2.726269250000000000e+06
4.822411205602801663e-06 2.726269250000000000e+06
4.832416208104052093e-06 2.726269250000000000e+06
4.842421210605303371e-06 2.726269250000000000e+06
4.852426213106553802e-06 2.726269250000000000e+06
4.862431215607804233e-06 2.726269250000000000e+06
4.872436218109054664e-06 2.726269250000000000e+06
4.882441220610305094e-06 2.726269250000000000e+06
4.892446223111556372e-06 2.726269250000000000e+06
4.902451225612806803e-06 2.726269250000000000e+06
4.912456228114057234e-06 2.726269250000000000e+06
4.922461230615307665e-06 2.726269250000000000e+06
4.932466233116558942e-06 2.726269250000000000e+06
4.942471235617809373e-06 2.726269250000000000e+06
4.952476238119059804e-06 2.726269250000000000e+06
4.962481240620310235e-06 2.726269250000000000e+06
4.972486243121561513e-06 2.726269250000000000e+06
4.982491245622811943e-06 2.726269250000000000e+06
4.992496248124062374e-06 2.726269250000000000e+06
5.002501250625312805e-06 2.726269250000000000e+06
5.012506253126563236e-06 2.726269250000000000e+06
5.022511255627814514e-06 2.726269250000000000e+06
5.032516258129064944e-06 2.726269250000000000e+06
5.042521260630315375e-06 2.726269250000000000e+06
5.052526263131565806e-06 2.726269250000000000e+06
5.062531265632817084e-06 2.726269250000000000e+06
5.072536268134067515e-06 2.726269250000000000e+06
5.082541270635317945e-06 2.726269250000000000e+06
5.092546273136568376e-06 2.726269250000000000e+06
5.102551275637819654e-06 2.726269250000000000e+06
5.112556278139070085e-06 2.726269250000000000e+06
5.122561280640320516e-06 2.726269250000000000e+06
5.132566283141570946e-06 2.726269250000000000e+06
5.142571285642821377e-06 2.726269250000000000e+06
5.152576288144072655e-06 2.726269250000000000e+06
5.162581290645323086e-06 2.726269250000000000e+06
5.172586293146573517e-06 2.726269250000000000e+06
5.182591295647823947e-06 2.726269250000000000e+06
5.192596298149075225e-06 2.726269250000000000e+06
5.202601300650325656e-06 2.726269250000000000e+06
5.212606303151576087e-06 2.726269250000000000e+06
5.222611305652826518e-06 2.726269250000000000e+06
5.232616308154077795e-06 2.726269250000000000e+06
5.242621310655328226e-06 2.726269250000000000e+06
5.252626313156578657e-06 2.726269250000000000e+06
5.262631315657829088e-06 2.726269250000000000e+06
5.272636318159079519e-06 2.726269250000000000e+06
5.282641320660330796e-06 2.726269250000000000e+06
5.292646323161581227e-06 2.726269250000000000e+06
5.302651325662831658e-06 2.726269250000000000e+06
5.312656328164082089e-06 2.726269250000000000e+06
5.322661330665333367e-06 2.726269250000000000e+06
5.332666333166583797e-06 2.726269250000000000e+06
5.342671335667834228e-06 2.726269250000000000e+06
5.352676338169084659e-06 2.726269250000000000e+06
5.362681340670335937e-06 2.726269250000000000e+06
5.372686343171586368e-06 2.726269250000000000e+06
5.382691345672836798e-06 2.726269250000000000e+06
5.392696348174087229e-06 2.726269250000000000e+06
5.402701350675337660e-06 2.726269250000000000e+06
5.412706353176588938e-06 2.726269250000000000e+06
5.422711355677839369e-06 2.726269250000000000e+06
5.432716358179089799e-06 2.726269250000000000e+06
5.442721360680340230e-06 2.726269250000000000e+06
5.452726363181591508e-06 2.726269250000000000e+06
5.462731365682841939e-06 2.726269250000000000e+06
5.472736368184092370e-06 2.726269250000000000e+06
5.482741370685342800e-06 2.726269250000000000e+06
5.492746373186594078e-06 2.726269250000000000e+06
5.502751375687844509e-06 2.726269250000000000e+06
5.512756378189094940e-06 2.726269250000000000e+06
5.522761380690345371e-06 2.726269250000000000e+06
5.532766383191595801e-06 2.726269250000000000e+06
5.542771385692847079e-06 2.726269250000000000e+06
5.552776388194097510e-06 2.726269250000000000e+06
5.562781390695347941e-06 2.726269250000000000e+06
5.572786393196598372e-06 2.726269250000000000e+06
5.582791395697849649e-06 2.726269250000000000e+06
5.592796398199100080e-06 2.726269250000000000e+06
5.602801400700350511e-06 2.726269250000000000e+06
5.612806403201600942e-06 2.726269250000000000e+06
5.622811405702852220e-06 2.726269250000000000e+06
5.632816408204102650e-06 2.726269250000000000e+06
5.642821410705353081e-06 2.726269250000000000e+06
5.652826413206603512e-06 2.726269250000000000e+06
5.662831415707853943e-06 2.726269250000000000e+06
5.672836418209105221e-06 2.726269250000000000e+06
5.682841420710355651e-06 2.726269250000000000e+06
5.692846423211606082e-06 2.726269250000000000e+06
5.702851425712856513e-06 2.726269250000000000e+06
5.712856428214107791e-06 2.726269250000000000e+06
5.722861430715358222e-06 2.726269250000000000e+06
5.732866433216608652e-06 2.726269250000000000e+06
5.742871435717859083e-06 2.726269250000000000e+06
5.752876438219110361e-06 2.726269250000000000e+06
5.762881440720360792e-06 2.726269250000000000e+06
5.772886443221611223e-06 2.726269250000000000e+06
5.782891445722861653e-06 2.726269250000000000e+06
5.792896448224112084e-06 2.726269250000000000e+06
5.802901450725363362e-06 2.726269250000000000e+06
5.812906453226613793e-06 2.726269250000000000e+06
5.822911455727864224e-06 2.726269250000000000e+06
5.832916458229114654e-06 2.726269250000000000e+06
5.842921460730365932e-06 2.726269250000000000e+06
5.852926463231616363e-06 2.726269250000000000e+06
5.862931465732866794e-06 2.726269250000000000e+06
5.872936468234117225e-06 2.726269250000000000e+06
5.882941470735368502e-06 2.726269250000000000e+06
5.892946473236618933e-06 2.726269250000000000e+06
5.902951475737869364e-06 2.726269250000000000e+06
5.912956478239119795e-06 2.726269250000000000e+06
5.922961480740370226e-06 2.726269250000000000e+06
5.932966483241621503e-06 2.726269250000000000e+06
5.942971485742871934e-06 2.726269250000000000e+06
5.952976488244122365e-06 2.726269250000000000e+06
5.962981490745372796e-06 2.726269250000000000e+06
5.972986493246624074e-06 2.726269250000000000e+06
5.982991495747874504e-06 2.726269250000000000e+06
5.992996498249124935e-06 2.726269250000000000e+06
6.003001500750375366e-06 2.726269250000000000e+06
6.013006503251626644e-06 2.726269250000000000e+06
6.023011505752877075e-06 2.726269250000000000e+06
6.033016508254127505e-06 2.726269250000000000e+06
6.043021510755377936e-06 2.726269250000000000e+06
6.053026513256628367e-06 2.726269250000000000e+06
6.063031515757879645e-06 2.726269250000000000e+06
6.073036518259130076e-06 2.726269250000000000e+06
6.083041520760380506e-06 2.726269250000000000e+06
6.093046523261630937e-06 2.726269250000000000e+06
6.103051525762882215e-06 2.726269250000000000e+06
6.113056528264132646e-06 2.726269250000000000e+06
6.123061530765383077e-06 2.726269250000000000e+06
6.133066533266633507e-06 2.726269250000000000e+06
6.143071535767884785e-06 2.726269250000000000e+06
6.153076538269135216e-06 2.726269250000000000e+06
6.163081540770385647e-06 2.726269250000000000e+06
6.173086543271636078e-06 2.726269250000000000e+06
6.183091545772886508e-06 2.726269250000000000e+06
6.193096548274137786e-06 2.726269250000000000e+06
6.203101550775388217e-06 2.726269250000000000e+06
6.213106553276638648e-06 2.726269250000000000e+06
6.223111555777889079e-06 2.726269250000000000e+06
6.233116558279140356e-06 2.726269250000000000e+06
6.243121560780390787e-06 2.726269250000000000e+06
6.253126563281641218e-06 2.726269250000000000e+06
6.263131565782891649e-06 2.726269250000000000e+06
6.273136568284142927e-06 2.726269250000000000e+06
6.283141570785393357e-06 2.726269250000000000e+06
6.293146573286643788e-06 2.726269250000000000e+06
6.303151575787894219e-06 2.726269250000000000e+06
6.313156578289144650e-06 2.785966750000000000e+06
6.323161580790395928e-06 2.785966750000000000e+06
6.333166583291646358e-06 2.785966750000000000e+06
6.343171585792896789e-06 2.785966750000000000e+06
6.353176588294147220e-06 2.785966750000000000e+06
6.363181590795398498e-06 2.785966750000000000e+06
6.373186593296648929e-06 2.785966750000000000e+06
6.383191595797899359e-06 2.785966750000000000e+06
6.393196598299149790e-06 2.785966750000000000e+06
6.403201600800401068e-06 2.785966750000000000e+06
6.413206603301651499e-06 2.785966750000000000e+06
6.423211605802901930e-06 2.785966750000000000e+06
6.433216608304152360e-06 2.785966750000000000e+06
6.443221610805402791e-06 2.785966750000000000e+06
6.453226613306654069e-06 2.785966750000000000e+06
6.463231615807904500e-06 2.785966750000000000e+06
6.473236618309154931e-06 2.785966750000000000e+06
6.483241620810405361e-06 2.785966750000000000e+06
6.493246623311656639e-06 2.785966750000000000e+06
6.503251625812907070e-06 2.785966750000000000e+06
6.513256628314157501e-06 2.785966750000000000e+06
6.523261630815407932e-06 2.785966750000000000e+06
6.533266633316658362e-06 2.785966750000000000e+06
6.543271635817909640e-06 2.785966750000000000e+06
6.553276638319160071e-06 2.785966750000000000e+06
6.563281640820410502e-06 2.785966750000000000e+06
6.573286643321660933e-06 2.785966750000000000e+06
6.583291645822912210e-06 2.785966750000000000e+06
6.593296648324162641e-06 2.785966750000000000e+06
6.603301650825413072e-06 2.785966750000000000e+06
6.613306653326663503e-06 2.785966750000000000e+06
6.623311655827914781e-06 2.785966750000000000e+06
6.633316658329165211e-06 2.785966750000000000e+06
6.643321660830415642e-06 2.785966750000000000e+06
6.653326663331666073e-06 2.785966750000000000e+06
6.663331665832916504e-06 2.785966750000000000e+06
6.673336668334167782e-06 2.785966750000000000e+06
6.683341670835418212e-06 2.785966750000000000e+06
6.693346673336668643e-06 2.785966750000000000e+06
6.703351675837919074e-06 2.785966750000000000e+06
6.713356678339170352e-06 2.785966750000000000e+06
6.723361680840420783e-06 2.785966750000000000e+06
6.733366683341671213e-06 2.785966750000000000e+06
6.743371685842921644e-06 2.785966750000000000e+06
6.753376688344172922e-06 2.785966750000000000e+06
6.763381690845423353e-06 2.785966750000000000e+06
6.773386693346673784e-06 2.785966750000000000e+06
6.783391695847924214e-06 2.785966750000000000e+06
6.793396698349174645e-06 2.785966750000000000e+06
6.803401700850425923e-06 2.785966750000000000e+06
6.813406703351676354e-06 2.785966750000000000e+06
6.823411705852926785e-06 2.785966750000000000e+06
6.833416708354177215e-06 2.785966750000000000e+06
6.843421710855428493e-06 2.785966750000000000e+06
6.853426713356678924e-06 2.785966750000000000e+06
6.863431715857929355e-06 2.785966750000000000e+06
6.873436718359179786e-06 2.785966750000000000e+06
6.883441720860431063e-06 2.785966750000000000e+06
6.893446723361681494e-06 2.785966750000000000e+06
6.903451725862931925e-06 2.785966750000000000e+06
6.913456728364182356e-06 2.785966750000000000e+06
6.923461730865432787e-06 2.785966750000000000e+06
6.933466733366684064e-06 2.785966750000000000e+06
6.943471735867934495e-06 2.785966750000000000e+06
6.953476738369184926e-06 2.785966750000000000e+06
6.963481740870435357e-06 2.785966750000000000e+06
6.973486743371686635e-06 2.785966750000000000e+06
6.983491745872937065e-06 2.785966750000000000e+06
6.993496748374187496e-06 2.785966750000000000e+06
7.003501750875437927e-06 2.785966750000000000e+06
7.013506753376689205e-06 2.785966750000000000e+06
7.023511755877939636e-06 2.785966750000000000e+06
7.033516758379190066e-06 2.785966750000000000e+06
7.043521760880440497e-06 2.785966750000000000e+06
7.053526763381690928e-06 2.785966750000000000e+06
7.063531765882942206e-06 2.785966750000000000e+06
7.073536768384192637e-06 2.785966750000000000e+06
7.083541770885443067e-06 2.785966750000000000e+06
7.093546773386693498e-06 2.785966750000000000e+06
7.103551775887944776e-06 2.785966750000000000e+06
7.113556778389195207e-06 2.785966750000000000e+06
7.123561780890445638e-06 2.785966750000000000e+06
7.133566783391696068e-06 2.785966750000000000e+06
7.143571785892947346e-06 3.038118250000000000e+06
7.153576788394197777e-06 3.038118250000000000e+06
7.163581790895448208e-06 3.038118250000000000e+06
7.173586793396698639e-06 3.038118250000000000e+06
7.183591795897949069e-06 3.038118250000000000e+06
7.193596798399200347e-06 3.038118250000000000e+06
7.203601800900450778e-06 3.038118250000000000e+06
7.213606803401701209e-06 3.038118250000000000e+06
7.223611805902951640e-06 3.038118250000000000e+06
7.233616808404202917e-06 3.038118250000000000e+06
7.243621810905453348e-06 3.038118250000000000e+06
7.253626813406703779e-06 3.038118250000000000e+06
7.263631815907954210e-06 3.038118250000000000e+06
7.273636818409205488e-06 3.038118250000000000e+06
7.283641820910455918e-06 3.038118250000000000e+06
7.293646823411706349e-06 3.038118250000000000e+06
7.303651825912956780e-06 3.038118250000000000e+06
7.313656828414207211e-06 3.038118250000000000e+06
7.323661830915458489e-06 3.038118250000000000e+06
7.333666833416708919e-06 3.038118250000000000e+06
7.343671835917959350e-06 3.038118250000000000e+06
7.353676838419209781e-06 3.038118250000000000e+06
7.363681840920461059e-06 3.038118250000000000e+06
7.373686843421711490e-06 3.038118250000000000e+06
7.383691845922961920e-06 3.038118250000000000e+06
7.393696848424212351e-06 3.038118250000000000e+06
7.403701850925463629e-06 3.038118250000000000e+06
7.413706853426714060e-06 3.038118250000000000e+06
7.423711855927964491e-06 3.038118250000000000e+06
7.433716858429214921e-06 3.038118250000000000e+06
7.443721860930465352e-06 3.038118250000000000e+06
7.453726863431716630e-06 3.038118250000000000e+06
7.463731865932967061e-06 3.038118250000000000e+06
7.473736868434217492e-06 3.038118250000000000e+06
7.483741870935467922e-06 3.038118250000000000e+06
7.493746873436719200e-06 3.038118250000000000e+06
7.503751875937969631e-06 3.038118250000000000e+06
7.513756878439220062e-06 3.038118250000000000e+06
7.523761880940470493e-06 3.038118250000000000e+06
7.533766883441721770e-06 3.038118250000000000e+06
7.543771885942972201e-06 3.038118250000000000e+06
7.553776888444222632e-06 3.038118250000000000e+06
7.563781890945473063e-06 3.038118250000000000e+06
7.573786893446723494e-06 3.038118250000000000e+06
7.583791895947974771e-06 3.038118250000000000e+06
7.593796898449225202e-06 3.038118250000000000e+06
7.603801900950475633e-06 3.038118250000000000e+06
7.613806903451726064e-06 3.038118250000000000e+06
7.623811905952977342e-06 3.038118250000000000e+06
7.633816908454226925e-06 3.038118250000000000e+06
7.643821910955478203e-06 3.038118250000000000e+06
7.653826913456729481e-06 3.038118250000000000e+06
7.663831915957979065e-06 3.038118250000000000e+06
7.673836918459230343e-06 3.038118250000000000e+06
7.683841920960479926e-06 3.038118250000000000e+06
7.693846923461731204e-06 3.038118250000000000e+06
7.703851925962982482e-06 3.038118250000000000e+06
7.713856928464232066e-06 3.038118250000000000e+06
7.723861930965483344e-06 3.038118250000000000e+06
7.733866933466734621e-06 3.038118250000000000e+06
7.743871935967984205e-06 3.038118250000000000e+06
7.753876938469235483e-06 3.038118250000000000e+06
7.763881940970485067e-06 3.038118250000000000e+06
7.773886943471736345e-06 3.038118250000000000e+06
7.783891945972987622e-06 3.038118250000000000e+06
7.793896948474237206e-06 3.038118250000000000e+06
7.803901950975488484e-06 3.038118250000000000e+06
7.813906953476738068e-06 3.038118250000000000e+06
7.823911955977989346e-06 3.038118250000000000e+06
7.833916958479240623e-06 3.038118250000000000e+06
7.843921960980490207e-06 3.038118250000000000e+06
7.853926963481741485e-06 3.038118250000000000e+06
7.863931965982992763e-06 3.038118250000000000e+06
7.873936968484242347e-06 3.038118250000000000e+06
7.883941970985493624e-06 3.038118250000000000e+06
7.893946973486743208e-06 3.038118250000000000e+06
7.903951975987994486e-06 3.038118250000000000e+06
7.913956978489245764e-06 3.038118250000000000e+06
7.923961980990495348e-06 3.038118250000000000e+06
7.933966983491746625e-06 3.038118250000000000e+06
7.943971985992996209e-06 3.038118250000000000e+06
7.953976988494247487e-06 3.038118250000000000e+06
7.963981990995498765e-06 3.038118250000000000e+06
7.973986993496748349e-06 3.038118250000000000e+06
7.983991995997999626e-06 3.038118250000000000e+06
7.993996998499250904e-06 3.038118250000000000e+06
8.004002001000500488e-06 3.038118250000000000e+06
8.014007003501751766e-06 3.038118250000000000e+06
8.024012006003001350e-06 3.038118250000000000e+06
8.034017008504252627e-06 3.038118250000000000e+06
8.044022011005503905e-06 3.038118250000000000e+06
8.054027013506753489e-06 3.038118250000000000e+06
8.064032016008004767e-06 3.038118250000000000e+06
8.074037018509254351e-06 3.038118250000000000e+06
8.084042021010505628e-06 3.038118250000000000e+06
8.094047023511756906e-06 3.038118250000000000e+06
8.104052026013006490e-06 3.038118250000000000e+06
8.114057028514257768e-06 3.038118250000000000e+06
8.124062031015509046e-06 3.038118250000000000e+06
8.134067033516758629e-06 3.038118250000000000e+06
8.144072036018009907e-06 3.038118250000000000e+06
8.154077038519259491e-06 3.038118250000000000e+06
8.164082041020510769e-06 3.038118250000000000e+06
8.174087043521762047e-06 3.038118250000000000e+06
8.184092046023011630e-06 3.038118250000000000e+06
8.194097048524262908e-06 3.038118250000000000e+06
8.204102051025512492e-06 3.038118250000000000e+06
8.214107053526763770e-06 3.038118250000000000e+06
8.224112056028015048e-06 3.038118250000000000e+06
8.234117058529264631e-06 3.038118250000000000e+06
8.244122061030515909e-06 3.038118250000000000e+06
8.254127063531767187e-06 3.038118250000000000e+06
8.264132066033016771e-06 3.038118250000000000e+06
8.274137068534268049e-06 3.038118250000000000e+06
8.284142071035517632e-06 3.038118250000000000e+06
8.294147073536768910e-06 3.038118250000000000e+06
8.304152076038020188e-06 3.038118250000000000e+06
8.314157078539269772e-06 3.038118250000000000e+06
8.324162081040521050e-06 3.038118250000000000e+06
8.334167083541770633e-06 3.038118250000000000e+06
8.344172086043021911e-06 3.038118250000000000e+06
8.354177088544273189e-06 3.038118250000000000e+06
8.364182091045522773e-06 3.038118250000000000e+06
8.374187093546774051e-06 3.038118250000000000e+06
8.384192096048025328e-06 3.038118250000000000e+06
8.394197098549274912e-06 3.038118250000000000e+06
8.404202101050526190e-06 3.038118250000000000e+06
8.414207103551775774e-06 3.038118250000000000e+06
8.424212106053027052e-06 3.104644500000000000e+06
8.434217108554278329e-06 3.104644500000000000e+06
8.444222111055527913e-06 3.104644500000000000e+06
8.454227113556779191e-06 3.104644500000000000e+06
8.464232116058028775e-06 3.104644500000000000e+06
8.474237118559280053e-06 3.104644500000000000e+06
8.484242121060531330e-06 3.104644500000000000e+06
8.494247123561780914e-06 3.104644500000000000e+06
8.504252126063032192e-06 3.104644500000000000e+06
8.514257128564283470e-06 3.104644500000000000e+06
8.524262131065533054e-06 3.104644500000000000e+06
8.534267133566784331e-06 3.104644500000000000e+06
8.544272136068033915e-06 3.104644500000000000e+06
8.554277138569285193e-06 3.104644500000000000e+06
8.564282141070536471e-06 3.104644500000000000e+06
8.574287143571786055e-06 3.104644500000000000e+06
8.584292146073037332e-06 3.104644500000000000e+06
8.594297148574286916e-06 3.104644500000000000e+06
8.604302151075538194e-06 3.104644500000000000e+06
8.614307153576789472e-06 3.104644500000000000e+06
8.624312156078039056e-06 3.104644500000000000e+06
8.634317158579290333e-06 3.104644500000000000e+06
8.644322161080541611e-06 3.104644500000000000e+06
8.654327163581791195e-06 3.104644500000000000e+06
8.664332166083042473e-06 3.104644500000000000e+06
8.674337168584292057e-06 3.104644500000000000e+06
8.684342171085543334e-06 3.104644500000000000e+06
8.694347173586794612e-06 3.104644500000000000e+06
8.704352176088044196e-06 3.104644500000000000e+06
8.714357178589295474e-06 3.104644500000000000e+06
8.724362181090545058e-06 3.104644500000000000e+06
8.734367183591796335e-06 3.104644500000000000e+06
8.744372186093047613e-06 3.104644500000000000e+06
8.754377188594297197e-06 3.104644500000000000e+06
8.764382191095548475e-06 3.104644500000000000e+06
8.774387193596799753e-06 3.104644500000000000e+06
8.784392196098049336e-06 3.104644500000000000e+06
8.794397198599300614e-06 3.104644500000000000e+06
8.804402201100550198e-06 3.104644500000000000e+06
8.814407203601801476e-06 3.104644500000000000e+06
8.824412206103052754e-06 3.104644500000000000e+06
8.834417208604302337e-06 3.104644500000000000e+06
8.844422211105553615e-06 3.104644500000000000e+06
8.854427213606803199e-06 3.104644500000000000e+06
8.864432216108054477e-06 3.104644500000000000e+06
8.874437218609305755e-06 3.104644500000000000e+06
8.884442221110555338e-06 3.104644500000000000e+06
8.894447223611806616e-06 3.104644500000000000e+06
8.904452226113057894e-06 3.104644500000000000e+06
8.914457228614307478e-06 3.104644500000000000e+06
8.924462231115558756e-06 3.104644500000000000e+06
8.934467233616808339e-06 3.104644500000000000e+06
8.944472236118059617e-06 3.104644500000000000e+06
8.954477238619310895e-06 3.104644500000000000e+06
8.964482241120560479e-06 3.104644500000000000e+06
8.974487243621811757e-06 3.104644500000000000e+06
8.984492246123061340e-06 3.104644500000000000e+06
8.994497248624312618e-06 3.104644500000000000e+06
9.004502251125563896e-06 3.104644500000000000e+06
9.014507253626813480e-06 3.104644500000000000e+06
9.024512256128064758e-06 3.104644500000000000e+06
9.034517258629316035e-06 3.104644500000000000e+06
9.044522261130565619e-06 3.104644500000000000e+06
9.054527263631816897e-06 3.104644500000000000e+06
9.064532266133066481e-06 3.104644500000000000e+06
9.074537268634317759e-06 3.104644500000000000e+06
9.084542271135569036e-06 3.104644500000000000e+06
9.094547273636818620e-06 3.104644500000000000e+06
9.104552276138069898e-06 3.104644500000000000e+06
9.114557278639319482e-06 3.104644500000000000e+06
9.124562281140570760e-06 3.104644500000000000e+06
9.134567283641822037e-06 3.104644500000000000e+06
9.144572286143071621e-06 3.104644500000000000e+06
9.154577288644322899e-06 3.104644500000000000e+06
9.164582291145574177e-06 3.104644500000000000e+06
9.174587293646823761e-06 3.104644500000000000e+06
9.184592296148075038e-06 3.104644500000000000e+06
9.194597298649324622e-06 3.104644500000000000e+06
9.204602301150575900e-06 3.104644500000000000e+06
9.214607303651827178e-06 3.104644500000000000e+06
9.224612306153076762e-06 3.104644500000000000e+06
9.234617308654328039e-06 3.104644500000000000e+06
9.244622311155577623e-06 3.104644500000000000e+06
9.254627313656828901e-06 3.104644500000000000e+06
9.264632316158080179e-06 3.104644500000000000e+06
9.274637318659329763e-06 3.104644500000000000e+06
9.284642321160581040e-06 3.104644500000000000e+06
9.294647323661832318e-06 3.104644500000000000e+06
9.304652326163081902e-06 3.104644500000000000e+06
9.314657328664333180e-06 3.104644500000000000e+06
9.324662331165582764e-06 3.104644500000000000e+06
9.334667333666834041e-06 3.104644500000000000e+06
9.344672336168085319e-06 3.104644500000000000e+06
9.354677338669334903e-06 3.104644500000000000e+06
9.364682341170586181e-06 3.104644500000000000e+06
9.374687343671835764e-06 3.104644500000000000e+06
9.384692346173087042e-06 3.104644500000000000e+06
9.394697348674338320e-06 3.104644500000000000e+06
9.404702351175587904e-06 3.104644500000000000e+06
9.414707353676839182e-06 3.104644500000000000e+06
9.424712356178090460e-06 3.104644500000000000e+06
9.434717358679340043e-06 3.104644500000000000e+06
9.444722361180591321e-06 3.104644500000000000e+06
9.454727363681840905e-06 3.104644500000000000e+06
9.464732366183092183e-06 3.104644500000000000e+06
9.474737368684343461e-06 3.104644500000000000e+06
9.484742371185593044e-06 3.104644500000000000e+06
9.494747373686844322e-06 2.846971500000000000e+06
9.504752376188093906e-06 2.846971500000000000e+06
9.514757378689345184e-06 2.846971500000000000e+06
9.524762381190596462e-06 2.846971500000000000e+06
9.534767383691846045e-06 2.846971500000000000e+06
9.544772386193097323e-06 2.846971500000000000e+06
9.554777388694348601e-06 2.846971500000000000e+06
9.564782391195598185e-06 2.846971500000000000e+06
9.574787393696849463e-06 2.846971500000000000e+06
9.584792396198099046e-06 2.846971500000000000e+06
9.594797398699350324e-06 2.846971500000000000e+06
9.604802401200601602e-06 2.846971500000000000e+06
9.614807403701851186e-06 2.846971500000000000e+06
9.624812406203102464e-06 2.846971500000000000e+06
9.634817408704352047e-06 2.846971500000000000e+06
9.644822411205603325e-06 2.846971500000000000e+06
9.654827413706854603e-06 2.846971500000000000e+06
9.664832416208104187e-06 2.846971500000000000e+06
9.674837418709355465e-06 2.846971500000000000e+06
9.684842421210606742e-06 2.846971500000000000e+06
9.694847423711856326e-06 2.846971500000000000e+06
9.704852426213107604e-06 2.846971500000000000e+06
9.714857428714357188e-06 2.846971500000000000e+06
9.724862431215608466e-06 2.846971500000000000e+06
9.734867433716859743e-06 2.846971500000000000e+06
9.744872436218109327e-06 2.846971500000000000e+06
9.754877438719360605e-06 2.846971500000000000e+06
9.764882441220610189e-06 2.846971500000000000e+06
9.774887443721861467e-06 2.846971500000000000e+06
9.784892446223112744e-06 2.846971500000000000e+06
9.794897448724362328e-06 2.846971500000000000e+06
9.804902451225613606e-06 2.846971500000000000e+06
9.814907453726864884e-06 2.846971500000000000e+06
9.824912456228114468e-06 2.846971500000000000e+06
9.834917458729365745e-06 2.846971500000000000e+06
9.844922461230615329e-06 2.846971500000000000e+06
9.854927463731866607e-06 2.846971500000000000e+06
9.864932466233117885e-06 2.846971500000000000e+06
9.874937468734367469e-06 2.846971500000000000e+06
9.884942471235618746e-06 2.846971500000000000e+06
9.894947473736868330e-06 2.846971500000000000e+06
9.904952476238119608e-06 2.846971500000000000e+06
9.914957478739370886e-06 2.846971500000000000e+06
9.924962481240620470e-06 2.846971500000000000e+06
9.934967483741871747e-06 2.846971500000000000e+06
9.944972486243123025e-06 2.846971500000000000e+06
9.954977488744372609e-06 2.846971500000000000e+06
9.964982491245623887e-06 2.909312000000000000e+06
9.974987493746873471e-06 2.909312000000000000e+06
9.984992496248124748e-06 2.909312000000000000e+06
9.994997498749376026e-06 2.909312000000000000e+06
1.000500250125062561e-05 2.909312000000000000e+06
1.001500750375187689e-05 2.909312000000000000e+06
1.002501250625312647e-05 2.909312000000000000e+06
1.003501750875437775e-05 2.909312000000000000e+06
1.004502251125562903e-05 2.909312000000000000e+06
1.005502751375687861e-05 2.909312000000000000e+06
1.006503251625812989e-05 2.909312000000000000e+06
1.007503751875938117e-05 2.909312000000000000e+06
1.008504252126063075e-05 2.909312000000000000e+06
1.009504752376188203e-05 2.909312000000000000e+06
1.010505252626313161e-05 2.909312000000000000e+06
1.011505752876438289e-05 2.909312000000000000e+06
1.012506253126563417e-05 2.909312000000000000e+06
1.013506753376688375e-05 2.909312000000000000e+06
1.014507253626813503e-05 2.909312000000000000e+06
1.015507753876938461e-05 2.909312000000000000e+06
1.016508254127063589e-05 2.909312000000000000e+06
1.017508754377188717e-05 2.909312000000000000e+06
1.018509254627313675e-05 2.909312000000000000e+06
1.019509754877438803e-05 2.909312000000000000e+06
1.020510255127563931e-05 2.909312000000000000e+06
1.021510755377688889e-05 2.909312000000000000e+06
1.022511255627814017e-05 2.909312000000000000e+06
1.023511755877938975e-05 2.909312000000000000e+06
1.024512256128064103e-05 2.909312000000000000e+06
1.025512756378189231e-05 2.909312000000000000e+06
1.026513256628314189e-05 2.909312000000000000e+06
1.027513756878439317e-05 2.909312000000000000e+06
1.028514257128564275e-05 2.909312000000000000e+06
1.029514757378689403e-05 2.909312000000000000e+06
1.030515257628814531e-05 2.909312000000000000e+06
1.031515757878939489e-05 2.909312000000000000e+06
1.032516258129064617e-05 2.909312000000000000e+06
1.033516758379189745e-05 2.909312000000000000e+06
1.034517258629314703e-05 2.909312000000000000e+06
1.035517758879439831e-05 2.909312000000000000e+06
1.036518259129564789e-05 2.909312000000000000e+06
1.037518759379689917e-05 2.909312000000000000e+06
1.038519259629815045e-05 2.909312000000000000e+06
1.039519759879940003e-05 2.909312000000000000e+06
1.040520260130065131e-05 2.909312000000000000e+06
1.041520760380190090e-05 2.909312000000000000e+06
1.042521260630315217e-05 2.909312000000000000e+06
1.043521760880440345e-05 2.909312000000000000e+06
1.044522261130565304e-05 2.909312000000000000e+06
1.045522761380690431e-05 2.909312000000000000e+06
1.046523261630815559e-05 2.909312000000000000e+06
1.047523761880940517e-05 2.909312000000000000e+06
1.048524262131065645e-05 2.909312000000000000e+06
1.049524762381190604e-05 2.909312000000000000e+06
1.050525262631315731e-05 2.909312000000000000e+06
1.051525762881440859e-05 2.909312000000000000e+06
1.052526263131565818e-05 2.909312000000000000e+06
1.053526763381690945e-05 2.909312000000000000e+06
1.054527263631815904e-05 2.909312000000000000e+06
1.055527763881941031e-05 2.909312000000000000e+06
1.056528264132066159e-05 2.909312000000000000e+06
1.057528764382191118e-05 2.909312000000000000e+06
1.058529264632316245e-05 2.909312000000000000e+06
1.059529764882441373e-05 2.909312000000000000e+06
1.060530265132566332e-05 2.909312000000000000e+06
1.061530765382691459e-05 2.909312000000000000e+06
1.062531265632816418e-05 2.909312000000000000e+06
1.063531765882941546e-05 2.909312000000000000e+06
1.064532266133066673e-05 2.909312000000000000e+06
1.065532766383191632e-05 2.909312000000000000e+06
1.066533266633316759e-05 2.909312000000000000e+06
1.067533766883441718e-05 2.909312000000000000e+06
1.068534267133566846e-05 2.909312000000000000e+06
1.069534767383691973e-05 2.909312000000000000e+06
1.070535267633816932e-05 2.909312000000000000e+06
1.071535767883942060e-05 2.909312000000000000e+06
1.072536268134067187e-05 2.909312000000000000e+06
1.073536768384192146e-05 2.909312000000000000e+06
1.074537268634317274e-05 2.909312000000000000e+06
1.075537768884442232e-05 2.909312000000000000e+06
1.076538269134567360e-05 2.909312000000000000e+06
1.077538769384692487e-05 2.909312000000000000e+06
1.078539269634817446e-05 2.973017750000000000e+06
1.079539769884942574e-05 2.973017750000000000e+06
1.080540270135067532e-05 2.973017750000000000e+06
1.081540770385192660e-05 2.973017750000000000e+06
1.082541270635317788e-05 2.973017750000000000e+06
1.083541770885442746e-05 2.973017750000000000e+06
1.084542271135567874e-05 2.973017750000000000e+06
1.085542771385693001e-05 2.973017750000000000e+06
1.086543271635817960e-05 2.973017750000000000e+06
1.087543771885943088e-05 2.973017750000000000e+06
1.088544272136068046e-05 2.973017750000000000e+06
1.089544772386193174e-05 2.973017750000000000e+06
1.090545272636318302e-05 2.973017750000000000e+06
1.091545772886443260e-05 2.973017750000000000e+06
1.092546273136568388e-05 2.973017750000000000e+06
1.093546773386693346e-05 2.973017750000000000e+06
1.094547273636818474e-05 2.973017750000000000e+06
1.095547773886943602e-05 2.973017750000000000e+06
1.096548274137068560e-05 2.973017750000000000e+06
1.097548774387193688e-05 2.973017750000000000e+06
1.098549274637318816e-05 2.973017750000000000e+06
1.099549774887443774e-05 2.973017750000000000e+06
1.100550275137568902e-05 2.973017750000000000e+06
1.101550775387693860e-05 2.973017750000000000e+06
1.102551275637818988e-05 2.973017750000000000e+06
1.103551775887944116e-05 2.973017750000000000e+06
1.104552276138069074e-05 3.038118250000000000e+06
1.105552776388194202e-05 3.038118250000000000e+06
1.106553276638319160e-05 3.038118250000000000e+06
1.107553776888444288e-05 3.038118250000000000e+06
1.108554277138569416e-05 3.038118250000000000e+06
1.109554777388694374e-05 3.104644500000000000e+06
1.110555277638819502e-05 3.104644500000000000e+06
1.111555777888944630e-05 3.104644500000000000e+06
1.112556278139069588e-05 3.104644500000000000e+06
1.113556778389194716e-05 3.104644500000000000e+06
1.114557278639319674e-05 3.104644500000000000e+06
1.115557778889444802e-05 3.104644500000000000e+06
1.116558279139569930e-05 3.104644500000000000e+06
1.117558779389694888e-05 3.104644500000000000e+06
1.118559279639820016e-05 3.104644500000000000e+06
1.119559779889944974e-05 3.104644500000000000e+06
1.120560280140070102e-05 3.104644500000000000e+06
1.121560780390195230e-05 3.104644500000000000e+06
1.122561280640320188e-05 3.104644500000000000e+06
1.123561780890445316e-05 3.104644500000000000e+06
1.124562281140570444e-05 3.104644500000000000e+06
1.125562781390695402e-05 3.104644500000000000e+06
1.126563281640820530e-05 3.104644500000000000e+06
1.127563781890945488e-05 3.104644500000000000e+06
1.128564282141070616e-05 3.104644500000000000e+06
1.129564782391195744e-05 3.104644500000000000e+06
1.130565282641320702e-05 3.104644500000000000e+06
1.131565782891445830e-05 3.104644500000000000e+06
1.132566283141570789e-05 3.104644500000000000e+06
1.133566783391695916e-05 3.104644500000000000e+06
1.134567283641821044e-05 3.104644500000000000e+06
1.135567783891946002e-05 3.104644500000000000e+06
1.136568284142071130e-05 3.104644500000000000e+06
1.137568784392196258e-05 3.104644500000000000e+06
1.138569284642321216e-05 3.104644500000000000e+06
1.139569784892446344e-05 3.104644500000000000e+06
1.140570285142571303e-05 3.104644500000000000e+06
1.141570785392696430e-05 3.104644500000000000e+06
1.142571285642821558e-05 3.104644500000000000e+06
1.143571785892946517e-05 3.104644500000000000e+06
1.144572286143071644e-05 3.104644500000000000e+06
1.145572786393196603e-05 3.104644500000000000e+06
1.146573286643321730e-05 3.104644500000000000e+06
1.147573786893446858e-05 3.104644500000000000e+06
1.148574287143571817e-05 3.104644500000000000e+06
1.149574787393696944e-05 3.104644500000000000e+06
1.150575287643822072e-05 3.104644500000000000e+06
1.151575787893947031e-05 3.104644500000000000e+06
1.152576288144072158e-05 3.104644500000000000e+06
1.153576788394197117e-05 3.104644500000000000e+06
1.154577288644322245e-05 3.172627250000000000e+06
1.155577788894447372e-05 3.172627250000000000e+06
1.156578289144572331e-05 3.172627250000000000e+06
1.157578789394697458e-05 3.172627250000000000e+06
1.158579289644822417e-05 3.172627250000000000e+06
1.159579789894947545e-05 3.172627250000000000e+06
1.160580290145072672e-05 3.172627250000000000e+06
1.161580790395197631e-05 3.172627250000000000e+06
1.162581290645322759e-05 3.172627250000000000e+06
1.163581790895447886e-05 3.172627250000000000e+06
1.164582291145572845e-05 3.172627250000000000e+06
1.165582791395697972e-05 3.172627250000000000e+06
1.166583291645822931e-05 3.172627250000000000e+06
1.167583791895948059e-05 3.172627250000000000e+06
1.168584292146073186e-05 3.172627250000000000e+06
1.169584792396198145e-05 3.172627250000000000e+06
1.170585292646323273e-05 3.172627250000000000e+06
1.171585792896448231e-05 3.172627250000000000e+06
1.172586293146573359e-05 3.172627250000000000e+06
1.173586793396698487e-05 3.172627250000000000e+06
1.174587293646823445e-05 3.172627250000000000e+06
1.175587793896948573e-05 3.172627250000000000e+06
1.176588294147073700e-05 3.172627250000000000e+06
1.177588794397198659e-05 3.172627250000000000e+06
1.178589294647323787e-05 3.172627250000000000e+06
1.179589794897448745e-05 3.172627250000000000e+06
1.180590295147573873e-05 3.172627250000000000e+06
1.181590795397699001e-05 3.172627250000000000e+06
1.182591295647823959e-05 3.172627250000000000e+06
1.183591795897949087e-05 3.172627250000000000e+06
1.184592296148074045e-05 3.172627250000000000e+06
1.185592796398199173e-05 3.172627250000000000e+06
1.186593296648324301e-05 3.172627250000000000e+06
1.187593796898449259e-05 3.172627250000000000e+06
1.188594297148574387e-05 3.172627250000000000e+06
1.189594797398699515e-05 3.172627250000000000e+06
1.190595297648824473e-05 3.172627250000000000e+06
1.191595797898949601e-05 3.172627250000000000e+06
1.192596298149074559e-05 3.172627250000000000e+06
1.193596798399199687e-05 3.172627250000000000e+06
1.194597298649324815e-05 3.172627250000000000e+06
1.195597798899449773e-05 3.172627250000000000e+06
1.196598299149574901e-05 3.172627250000000000e+06
1.197598799399699859e-05 3.172627250000000000e+06
1.198599299649824987e-05 3.172627250000000000e+06
1.199599799899950115e-05 3.172627250000000000e+06
1.200600300150075073e-05 3.172627250000000000e+06
1.201600800400200201e-05 3.172627250000000000e+06
1.202601300650325329e-05 3.172627250000000000e+06
1.203601800900450287e-05 3.172627250000000000e+06
1.204602301150575415e-05 3.172627250000000000e+06
1.205602801400700373e-05 3.172627250000000000e+06
1.206603301650825501e-05 3.172627250000000000e+06
1.207603801900950629e-05 3.172627250000000000e+06
1.208604302151075587e-05 3.172627250000000000e+06
1.209604802401200715e-05 3.172627250000000000e+06
1.210605302651325673e-05 3.172627250000000000e+06
1.211605802901450801e-05 3.172627250000000000e+06
1.212606303151575929e-05 3.172627250000000000e+06
1.213606803401700887e-05 3.172627250000000000e+06
1.214607303651826015e-05 3.172627250000000000e+06
1.215607803901951143e-05 3.172627250000000000e+06
1.216608304152076101e-05 3.172627250000000000e+06
1.217608804402201229e-05 3.172627250000000000e+06
1.218609304652326187e-05 3.172627250000000000e+06
1.219609804902451315e-05 3.172627250000000000e+06
1.220610305152576443e-05 3.172627250000000000e+06
1.221610805402701401e-05 3.172627250000000000e+06
1.222611305652826529e-05 3.172627250000000000e+06
1.223611805902951488e-05 3.172627250000000000e+06
1.224612306153076615e-05 3.172627250000000000e+06
1.225612806403201743e-05 3.172627250000000000e+06
1.226613306653326701e-05 3.172627250000000000e+06
1.227613806903451829e-05 3.172627250000000000e+06
1.228614307153576957e-05 3.172627250000000000e+06
1.229614807403701915e-05 3.172627250000000000e+06
1.230615307653827043e-05 3.172627250000000000e+06
1.231615807903952002e-05 3.172627250000000000e+06
1.232616308154077129e-05 3.172627250000000000e+06
1.233616808404202257e-05 3.104644500000000000e+06
1.234617308654327216e-05 3.104644500000000000e+06
1.235617808904452343e-05 3.104644500000000000e+06
1.236618309154577302e-05 3.104644500000000000e+06
1.237618809404702429e-05 3.104644500000000000e+06
1.238619309654827557e-05 3.104644500000000000e+06
1.239619809904952516e-05 3.104644500000000000e+06
1.240620310155077643e-05 3.104644500000000000e+06
1.241620810405202771e-05 3.104644500000000000e+06
1.242621310655327730e-05 3.104644500000000000e+06
1.243621810905452857e-05 3.104644500000000000e+06
1.244622311155577816e-05 3.104644500000000000e+06
1.245622811405702943e-05 3.104644500000000000e+06
1.246623311655828071e-05 3.104644500000000000e+06
1.247623811905953030e-05 3.104644500000000000e+06
1.248624312156078157e-05 3.104644500000000000e+06
1.249624812406203116e-05 3.104644500000000000e+06
1.250625312656328244e-05 3.104644500000000000e+06
1.251625812906453371e-05 3.104644500000000000e+06
1.252626313156578330e-05 3.104644500000000000e+06
1.253626813406703458e-05 3.104644500000000000e+06
1.254627313656828585e-05 3.104644500000000000e+06
1.255627813906953544e-05 3.104644500000000000e+06
1.256628314157078671e-05 3.104644500000000000e+06
1.257628814407203630e-05 3.104644500000000000e+06
1.258629314657328758e-05 3.104644500000000000e+06
1.259629814907453885e-05 3.104644500000000000e+06
1.260630315157578844e-05 3.104644500000000000e+06
1.261630815407703972e-05 3.104644500000000000e+06
1.262631315657828930e-05 3.104644500000000000e+06
1.263631815907954058e-05 3.104644500000000000e+06
1.264632316158079186e-05 3.104644500000000000e+06
1.265632816408204144e-05 3.104644500000000000e+06
1.266633316658329272e-05 3.104644500000000000e+06
1.267633816908454399e-05 3.104644500000000000e+06
1.268634317158579358e-05 3.104644500000000000e+06
1.269634817408704486e-05 3.104644500000000000e+06
1.270635317658829444e-05 3.104644500000000000e+06
1.271635817908954572e-05 3.104644500000000000e+06
1.272636318159079700e-05 3.104644500000000000e+06
1.273636818409204658e-05 3.104644500000000000e+06
1.274637318659329786e-05 3.104644500000000000e+06
1.275637818909454744e-05 3.104644500000000000e+06
1.276638319159579872e-05 3.104644500000000000e+06
1.277638819409705000e-05 3.104644500000000000e+06
1.278639319659829958e-05 3.038118250000000000e+06
1.279639819909955086e-05 3.038118250000000000e+06
1.280640320160080214e-05 3.038118250000000000e+06
1.281640820410205172e-05 3.038118250000000000e+06
1.282641320660330300e-05 3.038118250000000000e+06
1.283641820910455258e-05 3.038118250000000000e+06
1.284642321160580386e-05 3.038118250000000000e+06
1.285642821410705514e-05 3.038118250000000000e+06
1.286643321660830472e-05 3.038118250000000000e+06
1.287643821910955600e-05 3.038118250000000000e+06
1.288644322161080558e-05 3.038118250000000000e+06
1.289644822411205686e-05 3.038118250000000000e+06
1.290645322661330814e-05 3.038118250000000000e+06
1.291645822911455772e-05 3.038118250000000000e+06
1.292646323161580900e-05 3.038118250000000000e+06
1.293646823411705858e-05 3.038118250000000000e+06
1.294647323661830986e-05 3.038118250000000000e+06
1.295647823911956114e-05 3.038118250000000000e+06
1.296648324162081072e-05 3.038118250000000000e+06
1.297648824412206200e-05 3.038118250000000000e+06
1.298649324662331328e-05 3.038118250000000000e+06
1.299649824912456286e-05 3.038118250000000000e+06
1.300650325162581414e-05 3.038118250000000000e+06
1.301650825412706372e-05 3.038118250000000000e+06
1.302651325662831500e-05 3.038118250000000000e+06
1.303651825912956628e-05 3.038118250000000000e+06
1.304652326163081586e-05 3.038118250000000000e+06
1.305652826413206714e-05 3.038118250000000000e+06
1.306653326663331672e-05 3.038118250000000000e+06
1.307653826913456800e-05 3.038118250000000000e+06
1.308654327163581928e-05 3.038118250000000000e+06
1.309654827413706886e-05 3.038118250000000000e+06
1.310655327663832014e-05 3.038118250000000000e+06
1.311655827913957142e-05 3.038118250000000000e+06
1.312656328164082100e-05 3.038118250000000000e+06
1.313656828414207228e-05 3.038118250000000000e+06
1.314657328664332187e-05 3.038118250000000000e+06
1.315657828914457314e-05 3.038118250000000000e+06
1.316658329164582442e-05 3.038118250000000000e+06
1.317658829414707400e-05 3.038118250000000000e+06
1.318659329664832528e-05 2.973017750000000000e+06
1.319659829914957487e-05 2.973017750000000000e+06
1.320660330165082614e-05 2.973017750000000000e+06
1.321660830415207742e-05 2.973017750000000000e+06
1.322661330665332701e-05 2.973017750000000000e+06
1.323661830915457828e-05 2.973017750000000000e+06
1.324662331165582956e-05 2.973017750000000000e+06
1.325662831415707914e-05 2.973017750000000000e+06
1.326663331665833042e-05 2.973017750000000000e+06
1.327663831915958001e-05 2.973017750000000000e+06
1.328664332166083128e-05 2.973017750000000000e+06
1.329664832416208256e-05 2.973017750000000000e+06
1.330665332666333215e-05 2.973017750000000000e+06
1.331665832916458342e-05 2.973017750000000000e+06
1.332666333166583301e-05 2.973017750000000000e+06
1.333666833416708429e-05 2.973017750000000000e+06
1.334667333666833556e-05 2.973017750000000000e+06
1.335667833916958515e-05 2.973017750000000000e+06
1.336668334167083642e-05 2.973017750000000000e+06
1.337668834417208770e-05 2.973017750000000000e+06
1.338669334667333729e-05 2.973017750000000000e+06
1.339669834917458856e-05 2.973017750000000000e+06
1.340670335167583815e-05 2.973017750000000000e+06
1.341670835417708943e-05 2.973017750000000000e+06
1.342671335667834070e-05 2.973017750000000000e+06
1.343671835917959029e-05 2.973017750000000000e+06
1.344672336168084157e-05 2.973017750000000000e+06
1.345672836418209115e-05 2.973017750000000000e+06
1.346673336668334243e-05 2.973017750000000000e+06
1.347673836918459370e-05 2.973017750000000000e+06
1.348674337168584329e-05 2.973017750000000000e+06
1.349674837418709457e-05 2.973017750000000000e+06
1.350675337668834584e-05 2.973017750000000000e+06
1.351675837918959543e-05 2.973017750000000000e+06
1.352676338169084671e-05 2.973017750000000000e+06
1.353676838419209629e-05 2.973017750000000000e+06
1.354677338669334757e-05 2.973017750000000000e+06
1.355677838919459884e-05 2.973017750000000000e+06
1.356678339169584843e-05 2.973017750000000000e+06
1.357678839419709971e-05 2.973017750000000000e+06
1.358679339669834929e-05 2.973017750000000000e+06
1.359679839919960057e-05 2.973017750000000000e+06
1.360680340170085185e-05 2.973017750000000000e+06
1.361680840420210143e-05 2.973017750000000000e+06
1.362681340670335271e-05 2.973017750000000000e+06
1.363681840920460399e-05 2.973017750000000000e+06
1.364682341170585357e-05 2.973017750000000000e+06
1.365682841420710485e-05 2.909312000000000000e+06
1.366683341670835443e-05 2.909312000000000000e+06
1.367683841920960571e-05 2.909312000000000000e+06
1.368684342171085699e-05 2.909312000000000000e+06
1.369684842421210657e-05 2.909312000000000000e+06
1.370685342671335785e-05 2.909312000000000000e+06
1.371685842921460743e-05 2.909312000000000000e+06
1.372686343171585871e-05 2.909312000000000000e+06
1.373686843421710999e-05 2.909312000000000000e+06
1.374687343671835957e-05 2.909312000000000000e+06
1.375687843921961085e-05 2.909312000000000000e+06
1.376688344172086213e-05 2.909312000000000000e+06
1.377688844422211171e-05 2.909312000000000000e+06
1.378689344672336299e-05 2.909312000000000000e+06
1.379689844922461257e-05 2.909312000000000000e+06
1.380690345172586385e-05 2.909312000000000000e+06
1.381690845422711513e-05 2.909312000000000000e+06
1.382691345672836471e-05 2.909312000000000000e+06
1.383691845922961599e-05 2.909312000000000000e+06
1.384692346173086557e-05 2.909312000000000000e+06
1.385692846423211685e-05 2.909312000000000000e+06
1.386693346673336813e-05 2.909312000000000000e+06
1.387693846923461771e-05 2.909312000000000000e+06
1.388694347173586899e-05 2.909312000000000000e+06
1.389694847423712027e-05 2.909312000000000000e+06
1.390695347673836985e-05 2.909312000000000000e+06
1.391695847923962113e-05 2.909312000000000000e+06
1.392696348174087071e-05 2.909312000000000000e+06
1.393696848424212199e-05 2.909312000000000000e+06
1.394697348674337327e-05 2.909312000000000000e+06
1.395697848924462285e-05 2.909312000000000000e+06
1.396698349174587413e-05 2.909312000000000000e+06
1.397698849424712371e-05 2.909312000000000000e+06
1.398699349674837499e-05 2.909312000000000000e+06
1.399699849924962627e-05 2.909312000000000000e+06
1.400700350175087585e-05 2.909312000000000000e+06
1.401700850425212713e-05 2.909312000000000000e+06
1.402701350675337841e-05 2.909312000000000000e+06
1.403701850925462799e-05 2.909312000000000000e+06
1.404702351175587927e-05 2.909312000000000000e+06
1.405702851425712885e-05 2.909312000000000000e+06
1.406703351675838013e-05 2.909312000000000000e+06
1.407703851925963141e-05 2.909312000000000000e+06
1.408704352176088099e-05 2.909312000000000000e+06
1.409704852426213227e-05 2.909312000000000000e+06
1.410705352676338186e-05 2.909312000000000000e+06
1.411705852926463313e-05 2.909312000000000000e+06
1.412706353176588441e-05 2.909312000000000000e+06
1.413706853426713400e-05 2.909312000000000000e+06
1.414707353676838527e-05 2.909312000000000000e+06
1.415707853926963655e-05 2.909312000000000000e+06
1.416708354177088613e-05 2.909312000000000000e+06
1.417708854427213741e-05 2.909312000000000000e+06
1.418709354677338700e-05 2.909312000000000000e+06
1.419709854927463827e-05 2.909312000000000000e+06
1.420710355177588955e-05 2.846971500000000000e+06
1.421710855427713914e-05 2.846971500000000000e+06
1.422711355677839041e-05 2.846971500000000000e+06
1.423711855927964000e-05 2.846971500000000000e+06
1.424712356178089128e-05 2.846971500000000000e+06
1.425712856428214255e-05 2.846971500000000000e+06
1.426713356678339214e-05 2.846971500000000000e+06
1.427713856928464341e-05 2.846971500000000000e+06
1.428714357178589469e-05 2.846971500000000000e+06
1.429714857428714428e-05 2.846971500000000000e+06
1.430715357678839555e-05 2.846971500000000000e+06
1.431715857928964514e-05 2.846971500000000000e+06
1.432716358179089642e-05 2.846971500000000000e+06
1.433716858429214769e-05 2.846971500000000000e+06
1.434717358679339728e-05 2.846971500000000000e+06
1.435717858929464855e-05 2.846971500000000000e+06
1.436718359179589814e-05 2.846971500000000000e+06
1.437718859429714942e-05 2.846971500000000000e+06
1.438719359679840069e-05 2.846971500000000000e+06
1.439719859929965028e-05 2.846971500000000000e+06
1.440720360180090156e-05 2.846971500000000000e+06
1.441720860430215283e-05 2.846971500000000000e+06
1.442721360680340242e-05 2.846971500000000000e+06
1.443721860930465370e-05 2.846971500000000000e+06
1.444722361180590328e-05 2.846971500000000000e+06
1.445722861430715456e-05 2.846971500000000000e+06
1.446723361680840583e-05 2.846971500000000000e+06
1.447723861930965542e-05 2.846971500000000000e+06
1.448724362181090670e-05 2.846971500000000000e+06
1.449724862431215628e-05 2.846971500000000000e+06
1.450725362681340756e-05 2.846971500000000000e+06
1.451725862931465884e-05 2.846971500000000000e+06
1.452726363181590842e-05 2.846971500000000000e+06
1.453726863431715970e-05 2.846971500000000000e+06
1.454727363681841098e-05 2.846971500000000000e+06
1.455727863931966056e-05 2.846971500000000000e+06
1.456728364182091184e-05 2.846971500000000000e+06
1.457728864432216142e-05 2.846971500000000000e+06
1.458729364682341270e-05 2.846971500000000000e+06
1.459729864932466398e-05 2.846971500000000000e+06
1.460730365182591356e-05 2.846971500000000000e+06
1.461730865432716484e-05 2.846971500000000000e+06
1.462731365682841442e-05 2.846971500000000000e+06
1.463731865932966570e-05 2.846971500000000000e+06
1.464732366183091698e-05 2.846971500000000000e+06
1.465732866433216656e-05 2.846971500000000000e+06
1.466733366683341784e-05 2.846971500000000000e+06
1.467733866933466912e-05 2.846971500000000000e+06
1.468734367183591870e-05 2.846971500000000000e+06
1.469734867433716998e-05 2.846971500000000000e+06
1.470735367683841956e-05 2.846971500000000000e+06
1.471735867933967084e-05 2.846971500000000000e+06
1.472736368184092212e-05 2.846971500000000000e+06
1.473736868434217170e-05 2.846971500000000000e+06
1.474737368684342298e-05 2.846971500000000000e+06
1.475737868934467256e-05 2.846971500000000000e+06
1.476738369184592384e-05 2.846971500000000000e+06
1.477738869434717512e-05 2.846971500000000000e+06
1.478739369684842470e-05 2.846971500000000000e+06
1.479739869934967598e-05 2.846971500000000000e+06
1.480740370185092726e-05 2.846971500000000000e+06
1.481740870435217684e-05 2.846971500000000000e+06
1.482741370685342812e-05 2.785966750000000000e+06
1.483741870935467770e-05 2.785966750000000000e+06
1.484742371185592898e-05 2.785966750000000000e+06
1.485742871435718026e-05 2.785966750000000000e+06
1.486743371685842984e-05 2.785966750000000000e+06
1.487743871935968112e-05 2.785966750000000000e+06
1.488744372186093070e-05 2.785966750000000000e+06
1.489744872436218198e-05 2.785966750000000000e+06
1.490745372686343326e-05 2.785966750000000000e+06
1.491745872936468284e-05 2.785966750000000000e+06
1.492746373186593412e-05 2.785966750000000000e+06
1.493746873436718540e-05 2.785966750000000000e+06
1.494747373686843498e-05 2.785966750000000000e+06
1.495747873936968626e-05 2.785966750000000000e+06
1.496748374187093584e-05 2.785966750000000000e+06
1.497748874437218712e-05 2.785966750000000000e+06
1.498749374687343840e-05 2.785966750000000000e+06
1.499749874937468798e-05 2.785966750000000000e+06
1.500750375187593926e-05 2.785966750000000000e+06
1.501750875437718885e-05 2.785966750000000000e+06
1.502751375687844012e-05 2.785966750000000000e+06
1.503751875937969140e-05 2.785966750000000000e+06
1.504752376188094099e-05 2.785966750000000000e+06
1.505752876438219226e-05 2.785966750000000000e+06
1.506753376688344354e-05 2.785966750000000000e+06
1.507753876938469312e-05 2.785966750000000000e+06
1.508754377188594440e-05 2.785966750000000000e+06
1.509754877438719399e-05 2.785966750000000000e+06
1.510755377688844526e-05 2.785966750000000000e+06
1.511755877938969654e-05 2.785966750000000000e+06
1.512756378189094613e-05 2.785966750000000000e+06
1.513756878439219740e-05 2.785966750000000000e+06
1.514757378689344699e-05 2.785966750000000000e+06
1.515757878939469826e-05 2.785966750000000000e+06
1.516758379189594954e-05 2.785966750000000000e+06
1.517758879439719913e-05 2.785966750000000000e+06
1.518759379689845040e-05 2.785966750000000000e+06
1.519759879939970168e-05 2.785966750000000000e+06
1.520760380190095127e-05 2.785966750000000000e+06
1.521760880440220254e-05 2.785966750000000000e+06
1.522761380690345213e-05 2.785966750000000000e+06
1.523761880940470341e-05 2.785966750000000000e+06
1.524762381190595468e-05 2.785966750000000000e+06
1.525762881440720427e-05 2.785966750000000000e+06
1.526763381690845385e-05 2.785966750000000000e+06
1.527763881940970682e-05 2.785966750000000000e+06
1.528764382191095641e-05 2.785966750000000000e+06
1.529764882441220599e-05 2.785966750000000000e+06
1.530765382691345896e-05 2.785966750000000000e+06
1.531765882941470855e-05 2.785966750000000000e+06
1.532766383191595813e-05 2.785966750000000000e+06
1.533766883441721110e-05 2.785966750000000000e+06
1.534767383691846069e-05 2.785966750000000000e+06
1.535767883941971027e-05 2.785966750000000000e+06
1.536768384192095985e-05 2.785966750000000000e+06
1.537768884442221282e-05 2.785966750000000000e+06
1.538769384692346241e-05 2.785966750000000000e+06
1.539769884942471199e-05 2.785966750000000000e+06
1.540770385192596496e-05 2.785966750000000000e+06
1.541770885442721455e-05 2.785966750000000000e+06
1.542771385692846413e-05 2.785966750000000000e+06
1.543771885942971710e-05 2.785966750000000000e+06
1.544772386193096669e-05 2.785966750000000000e+06
1.545772886443221627e-05 2.785966750000000000e+06
1.546773386693346924e-05 2.785966750000000000e+06
1.547773886943471883e-05 2.785966750000000000e+06
1.548774387193596841e-05 2.785966750000000000e+06
1.549774887443721799e-05 2.785966750000000000e+06
1.550775387693847097e-05 2.785966750000000000e+06
1.551775887943972055e-05 2.785966750000000000e+06
1.552776388194097013e-05 2.785966750000000000e+06
1.553776888444222311e-05 2.726269250000000000e+06
1.554777388694347269e-05 2.726269250000000000e+06
1.555777888944472227e-05 2.726269250000000000e+06
1.556778389194597524e-05 2.726269250000000000e+06
1.557778889444722483e-05 2.726269250000000000e+06
1.558779389694847441e-05 2.726269250000000000e+06
1.559779889944972738e-05 2.726269250000000000e+06
1.560780390195097697e-05 2.726269250000000000e+06
1.561780890445222655e-05 2.726269250000000000e+06
1.562781390695347614e-05 2.726269250000000000e+06
1.563781890945472911e-05 2.726269250000000000e+06
1.564782391195597869e-05 2.726269250000000000e+06
1.565782891445722827e-05 2.726269250000000000e+06
1.566783391695848125e-05 2.726269250000000000e+06
1.567783891945973083e-05 2.726269250000000000e+06
1.568784392196098041e-05 2.726269250000000000e+06
1.569784892446223339e-05 2.726269250000000000e+06
1.570785392696348297e-05 2.726269250000000000e+06
1.571785892946473255e-05 2.726269250000000000e+06
1.572786393196598553e-05 2.726269250000000000e+06
1.573786893446723511e-05 2.726269250000000000e+06
1.574787393696848469e-05 2.726269250000000000e+06
1.575787893946973428e-05 2.726269250000000000e+06
1.576788394197098725e-05 2.726269250000000000e+06
1.577788894447223683e-05 2.726269250000000000e+06
1.578789394697348642e-05 2.726269250000000000e+06
1.579789894947473939e-05 2.726269250000000000e+06
1.580790395197598897e-05 2.726269250000000000e+06
1.581790895447723856e-05 2.726269250000000000e+06
1.582791395697849153e-05 2.726269250000000000e+06
1.583791895947974111e-05 2.726269250000000000e+06
1.584792396198099070e-05 2.726269250000000000e+06
1.585792896448224367e-05 2.726269250000000000e+06
1.586793396698349325e-05 2.726269250000000000e+06
1.587793896948474283e-05 2.726269250000000000e+06
1.588794397198599242e-05 2.726269250000000000e+06
1.589794897448724539e-05 2.726269250000000000e+06
1.590795397698849497e-05 2.726269250000000000e+06
1.591795897948974456e-05 2.726269250000000000e+06
1.592796398199099753e-05 2.726269250000000000e+06
1.593796898449224711e-05 2.726269250000000000e+06
1.594797398699349670e-05 2.726269250000000000e+06
1.595797898949474967e-05 2.726269250000000000e+06
1.596798399199599925e-05 2.726269250000000000e+06
1.597798899449724884e-05 2.726269250000000000e+06
1.598799399699850181e-05 2.726269250000000000e+06
1.599799899949975139e-05 2.726269250000000000e+06
1.600800400200100098e-05 2.726269250000000000e+06
1.601800900450225056e-05 2.726269250000000000e+06
1.602801400700350353e-05 2.726269250000000000e+06
1.603801900950475312e-05 2.726269250000000000e+06
1.604802401200600270e-05 2.726269250000000000e+06
1.605802901450725567e-05 2.726269250000000000e+06
1.606803401700850525e-05 2.726269250000000000e+06
1.607803901950975484e-05 2.726269250000000000e+06
1.608804402201100781e-05 2.726269250000000000e+06
1.609804902451225739e-05 2.726269250000000000e+06
1.610805402701350698e-05 2.726269250000000000e+06
1.611805902951475995e-05 2.726269250000000000e+06
1.612806403201600953e-05 2.726269250000000000e+06
1.613806903451725912e-05 2.726269250000000000e+06
1.614807403701850870e-05 2.726269250000000000e+06
1.615807903951976167e-05 2.726269250000000000e+06
1.616808404202101126e-05 2.726269250000000000e+06
1.617808904452226084e-05 2.726269250000000000e+06
1.618809404702351381e-05 2.726269250000000000e+06
1.619809904952476340e-05 2.726269250000000000e+06
1.620810405202601298e-05 2.726269250000000000e+06
1.621810905452726595e-05 2.726269250000000000e+06
1.622811405702851554e-05 2.726269250000000000e+06
1.623811905952976512e-05 2.726269250000000000e+06
1.624812406203101809e-05 2.726269250000000000e+06
1.625812906453226767e-05 2.726269250000000000e+06
1.626813406703351726e-05 2.726269250000000000e+06
1.627813906953476684e-05 2.726269250000000000e+06
1.628814407203601981e-05 2.726269250000000000e+06
1.629814907453726940e-05 2.726269250000000000e+06
1.630815407703851898e-05 2.726269250000000000e+06
1.631815907953977195e-05 2.667851000000000000e+06
1.632816408204102154e-05 2.667851000000000000e+06
1.633816908454227112e-05 2.667851000000000000e+06
1.634817408704352409e-05 2.667851000000000000e+06
1.635817908954477368e-05 2.667851000000000000e+06
1.636818409204602326e-05 2.667851000000000000e+06
1.637818909454727623e-05 2.667851000000000000e+06
1.638819409704852582e-05 2.667851000000000000e+06
1.639819909954977540e-05 2.667851000000000000e+06
1.640820410205102498e-05 2.667851000000000000e+06
1.641820910455227796e-05 2.667851000000000000e+06
1.642821410705352754e-05 2.667851000000000000e+06
1.643821910955477712e-05 2.667851000000000000e+06
1.644822411205603010e-05 2.667851000000000000e+06
1.645822911455727968e-05 2.667851000000000000e+06
1.646823411705852926e-05 2.667851000000000000e+06
1.647823911955978223e-05 2.667851000000000000e+06
1.648824412206103182e-05 2.667851000000000000e+06
1.649824912456228140e-05 2.667851000000000000e+06
1.650825412706353437e-05 2.667851000000000000e+06
1.651825912956478396e-05 2.667851000000000000e+06
1.652826413206603354e-05 2.667851000000000000e+06
1.653826913456728313e-05 2.667851000000000000e+06
1.654827413706853610e-05 2.667851000000000000e+06
1.655827913956978568e-05 2.667851000000000000e+06
1.656828414207103526e-05 2.667851000000000000e+06
1.657828914457228824e-05 2.667851000000000000e+06
1.658829414707353782e-05 2.667851000000000000e+06
1.659829914957478740e-05 2.667851000000000000e+06
1.660830415207604038e-05 2.667851000000000000e+06
1.661830915457728996e-05 2.667851000000000000e+06
1.662831415707853954e-05 2.667851000000000000e+06
1.663831915957979252e-05 2.667851000000000000e+06
1.664832416208104210e-05 2.667851000000000000e+06
1.665832916458229168e-05 2.667851000000000000e+06
1.666833416708354127e-05 2.667851000000000000e+06
1.667833916958479424e-05 2.667851000000000000e+06
1.668834417208604382e-05 2.667851000000000000e+06
1.669834917458729341e-05 2.667851000000000000e+06
1.670835417708854638e-05 2.667851000000000000e+06
1.671835917958979596e-05 2.667851000000000000e+06
1.672836418209104555e-05 2.667851000000000000e+06
1.673836918459229852e-05 2.667851000000000000e+06
1.674837418709354810e-05 2.667851000000000000e+06
1.675837918959479768e-05 2.667851000000000000e+06
1.676838419209605066e-05 2.667851000000000000e+06
1.677838919459730024e-05 2.667851000000000000e+06
1.678839419709854982e-05 2.667851000000000000e+06
1.679839919959979941e-05 2.667851000000000000e+06
1.680840420210105238e-05 2.667851000000000000e+06
1.681840920460230196e-05 2.667851000000000000e+06
1.682841420710355155e-05 2.667851000000000000e+06
1.683841920960480452e-05 2.667851000000000000e+06
1.684842421210605410e-05 2.667851000000000000e+06
1.685842921460730369e-05 2.667851000000000000e+06
1.686843421710855666e-05 2.667851000000000000e+06
1.687843921960980624e-05 2.667851000000000000e+06
1.688844422211105583e-05 2.667851000000000000e+06
1.689844922461230880e-05 2.667851000000000000e+06
1.690845422711355838e-05 2.667851000000000000e+06
1.691845922961480797e-05 2.667851000000000000e+06
1.692846423211605755e-05 2.667851000000000000e+06
1.693846923461731052e-05 2.667851000000000000e+06
1.694847423711856011e-05 2.667851000000000000e+06
1.695847923961980969e-05 2.667851000000000000e+06
1.696848424212106266e-05 2.667851000000000000e+06
1.697848924462231224e-05 2.667851000000000000e+06
1.698849424712356183e-05 2.667851000000000000e+06
1.699849924962481480e-05 2.667851000000000000e+06
1.700850425212606438e-05 2.667851000000000000e+06
1.701850925462731397e-05 2.667851000000000000e+06
1.702851425712856694e-05 2.667851000000000000e+06
1.703851925962981652e-05 2.667851000000000000e+06
1.704852426213106611e-05 2.667851000000000000e+06
1.705852926463231569e-05 2.667851000000000000e+06
1.706853426713356866e-05 2.667851000000000000e+06
1.707853926963481825e-05 2.667851000000000000e+06
1.708854427213606783e-05 2.667851000000000000e+06
1.709854927463732080e-05 2.667851000000000000e+06
1.710855427713857039e-05 2.667851000000000000e+06
1.711855927963981997e-05 2.667851000000000000e+06
1.712856428214107294e-05 2.667851000000000000e+06
1.713856928464232253e-05 2.610684500000000000e+06
1.714857428714357211e-05 2.610684500000000000e+06
1.715857928964482508e-05 2.610684500000000000e+06
1.716858429214607466e-05 2.610684500000000000e+06
1.717858929464732425e-05 2.610684500000000000e+06
1.718859429714857383e-05 2.610684500000000000e+06
1.719859929964982680e-05 2.610684500000000000e+06
1.720860430215107639e-05 2.610684500000000000e+06
1.721860930465232597e-05 2.610684500000000000e+06
1.722861430715357894e-05 2.610684500000000000e+06
1.723861930965482853e-05 2.610684500000000000e+06
1.724862431215607811e-05 2.610684500000000000e+06
1.725862931465733108e-05 2.610684500000000000e+06
1.726863431715858067e-05 2.610684500000000000e+06
1.727863931965983025e-05 2.610684500000000000e+06
1.728864432216108322e-05 2.610684500000000000e+06
1.729864932466233281e-05 2.610684500000000000e+06
1.730865432716358239e-05 2.610684500000000000e+06
1.731865932966483197e-05 2.610684500000000000e+06
1.732866433216608495e-05 2.610684500000000000e+06
1.733866933466733453e-05 2.610684500000000000e+06
1.734867433716858411e-05 2.610684500000000000e+06
1.735867933966983708e-05 2.610684500000000000e+06
1.736868434217108667e-05 2.610684500000000000e+06
1.737868934467233625e-05 2.610684500000000000e+06
1.738869434717358922e-05 2.610684500000000000e+06
1.739869934967483881e-05 2.610684500000000000e+06
1.740870435217608839e-05 2.610684500000000000e+06
1.741870935467734136e-05 2.610684500000000000e+06
1.742871435717859095e-05 2.610684500000000000e+06
1.743871935967984053e-05 2.610684500000000000e+06
1.744872436218109012e-05 2.610684500000000000e+06
1.745872936468234309e-05 2.610684500000000000e+06
1.746873436718359267e-05 2.610684500000000000e+06
1.747873936968484225e-05 2.610684500000000000e+06
1.748874437218609523e-05 2.610684500000000000e+06
1.749874937468734481e-05 2.610684500000000000e+06
1.750875437718859439e-05 2.610684500000000000e+06
1.751875937968984737e-05 2.610684500000000000e+06
1.752876438219109695e-05 2.610684500000000000e+06
1.753876938469234653e-05 2.610684500000000000e+06
1.754877438719359951e-05 2.610684500000000000e+06
1.755877938969484909e-05 2.610684500000000000e+06
1.756878439219609867e-05 2.610684500000000000e+06
1.757878939469734826e-05 2.610684500000000000e+06
1.758879439719860123e-05 2.610684500000000000e+06
1.759879939969985081e-05 2.610684500000000000e+06
1.760880440220110040e-05 2.610684500000000000e+06
1.761880940470235337e-05 2.610684500000000000e+06
1.762881440720360295e-05 2.610684500000000000e+06
1.763881940970485254e-05 2.610684500000000000e+06
1.764882441220610551e-05 2.610684500000000000e+06
1.765882941470735509e-05 2.610684500000000000e+06
1.766883441720860467e-05 2.610684500000000000e+06
1.767883941970985765e-05 2.610684500000000000e+06
1.768884442221110723e-05 2.610684500000000000e+06
1.769884942471235681e-05 2.610684500000000000e+06
1.770885442721360640e-05 2.610684500000000000e+06
1.771885942971485937e-05 2.610684500000000000e+06
1.772886443221610895e-05 2.610684500000000000e+06
1.773886943471735854e-05 2.610684500000000000e+06
1.774887443721861151e-05 2.610684500000000000e+06
1.775887943971986109e-05 2.610684500000000000e+06
1.776888444222111068e-05 2.610684500000000000e+06
1.777888944472236365e-05 2.610684500000000000e+06
1.778889444722361323e-05 2.610684500000000000e+06
1.779889944972486282e-05 2.610684500000000000e+06
1.780890445222611579e-05 2.610684500000000000e+06
1.781890945472736537e-05 2.610684500000000000e+06
1.782891445722861496e-05 2.610684500000000000e+06
1.783891945972986454e-05 2.610684500000000000e+06
1.784892446223111751e-05 2.610684500000000000e+06
1.785892946473236709e-05 2.610684500000000000e+06
1.786893446723361668e-05 2.610684500000000000e+06
1.787893946973486965e-05 2.610684500000000000e+06
1.788894447223611923e-05 2.554742750000000000e+06
1.789894947473736882e-05 2.554742750000000000e+06
1.790895447723862179e-05 2.554742750000000000e+06
1.791895947973987137e-05 2.554742750000000000e+06
1.792896448224112096e-05 2.554742750000000000e+06
1.793896948474237393e-05 2.554742750000000000e+06
1.794897448724362351e-05 2.554742750000000000e+06
1.795897948974487310e-05 2.554742750000000000e+06
1.796898449224612268e-05 2.554742750000000000e+06
1.797898949474737565e-05 2.554742750000000000e+06
1.798899449724862524e-05 2.554742750000000000e+06
1.799899949974987482e-05 2.554742750000000000e+06
1.800900450225112779e-05 2.554742750000000000e+06
1.801900950475237738e-05 2.554742750000000000e+06
1.802901450725362696e-05 2.554742750000000000e+06
1.803901950975487993e-05 2.554742750000000000e+06
1.804902451225612952e-05 2.554742750000000000e+06
1.805902951475737910e-05 2.554742750000000000e+06
1.806903451725863207e-05 2.554742750000000000e+06
1.807903951975988165e-05 2.554742750000000000e+06
1.808904452226113124e-05 2.554742750000000000e+06
1.809904952476238082e-05 2.554742750000000000e+06
1.810905452726363379e-05 2.554742750000000000e+06
1.811905952976488338e-05 2.554742750000000000e+06
1.812906453226613296e-05 2.554742750000000000e+06
1.813906953476738593e-05 2.554742750000000000e+06
1.814907453726863552e-05 2.554742750000000000e+06
1.815907953976988510e-05 2.554742750000000000e+06
1.816908454227113807e-05 2.554742750000000000e+06
1.817908954477238766e-05 2.554742750000000000e+06
1.818909454727363724e-05 2.554742750000000000e+06
1.819909954977489021e-05 2.554742750000000000e+06
1.820910455227613980e-05 2.554742750000000000e+06
1.821910955477738938e-05 2.554742750000000000e+06
1.822911455727863896e-05 2.554742750000000000e+06
1.823911955977989194e-05 2.554742750000000000e+06
1.824912456228114152e-05 2.554742750000000000e+06
1.825912956478239110e-05 2.554742750000000000e+06
1.826913456728364407e-05 2.554742750000000000e+06
1.827913956978489366e-05 2.554742750000000000e+06
1.828914457228614324e-05 2.554742750000000000e+06
1.829914957478739621e-05 2.554742750000000000e+06
1.830915457728864580e-05 2.554742750000000000e+06
1.831915957978989538e-05 2.554742750000000000e+06
1.832916458229114835e-05 2.554742750000000000e+06
1.833916958479239794e-05 2.554742750000000000e+06
1.834917458729364752e-05 2.554742750000000000e+06
1.835917958979489710e-05 2.554742750000000000e+06
1.836918459229615008e-05 2.554742750000000000e+06
1.837918959479739966e-05 2.554742750000000000e+06
1.838919459729864924e-05 2.554742750000000000e+06
1.839919959979990222e-05 2.554742750000000000e+06
1.840920460230115180e-05 2.554742750000000000e+06
1.841920960480240138e-05 2.554742750000000000e+06
1.842921460730365436e-05 2.554742750000000000e+06
1.843921960980490394e-05 2.554742750000000000e+06
1.844922461230615352e-05 2.554742750000000000e+06
1.845922961480740649e-05 2.554742750000000000e+06
1.846923461730865608e-05 2.554742750000000000e+06
1.847923961980990566e-05 2.554742750000000000e+06
1.848924462231115525e-05 2.554742750000000000e+06
1.849924962481240822e-05 2.554742750000000000e+06
1.850925462731365780e-05 2.554742750000000000e+06
1.851925962981490739e-05 2.554742750000000000e+06
1.852926463231616036e-05 2.554742750000000000e+06
1.853926963481740994e-05 2.554742750000000000e+06
1.854927463731865953e-05 2.554742750000000000e+06
1.855927963981991250e-05 2.554742750000000000e+06
1.856928464232116208e-05 2.554742750000000000e+06
1.857928964482241166e-05 2.554742750000000000e+06
1.858929464732366464e-05 2.554742750000000000e+06
1.859929964982491422e-05 2.554742750000000000e+06
1.860930465232616380e-05 2.554742750000000000e+06
1.861930965482741339e-05 2.554742750000000000e+06
1.862931465732866636e-05 2.554742750000000000e+06
1.863931965982991594e-05 2.554742750000000000e+06
1.864932466233116553e-05 2.554742750000000000e+06
1.865932966483241850e-05 2.554742750000000000e+06
1.866933466733366808e-05 2.554742750000000000e+06
1.867933966983491767e-05 2.554742750000000000e+06
1.868934467233617064e-05 2.554742750000000000e+06
1.869934967483742022e-05 2.554742750000000000e+06
1.870935467733866981e-05 2.554742750000000000e+06
1.871935967983992278e-05 2.554742750000000000e+06
1.872936468234117236e-05 2.554742750000000000e+06
1.873936968484242195e-05 2.554742750000000000e+06
1.874937468734367153e-05 2.554742750000000000e+06
1.875937968984492450e-05 2.554742750000000000e+06
1.876938469234617408e-05 2.554742750000000000e+06
1.877938969484742367e-05 2.554742750000000000e+06
1.878939469734867664e-05 2.554742750000000000e+06
1.879939969984992622e-05 2.554742750000000000e+06
1.880940470235117581e-05 2.554742750000000000e+06
1.881940970485242878e-05 2.554742750000000000e+06
1.882941470735367836e-05 2.554742750000000000e+06
1.883941970985492795e-05 2.554742750000000000e+06
1.884942471235618092e-05 2.554742750000000000e+06
1.885942971485743050e-05 2.554742750000000000e+06
1.886943471735868009e-05 2.446430000000000000e+06
1.887943971985992967e-05 2.446430000000000000e+06
1.888944472236118264e-05 2.446430000000000000e+06
1.889944972486243223e-05 2.446430000000000000e+06
1.890945472736368181e-05 2.446430000000000000e+06
1.891945972986493478e-05 2.446430000000000000e+06
1.892946473236618437e-05 2.446430000000000000e+06
1.893946973486743395e-05 2.446430000000000000e+06
1.894947473736868692e-05 2.446430000000000000e+06
1.895947973986993650e-05 2.446430000000000000e+06
1.896948474237118609e-05 2.446430000000000000e+06
1.897948974487243906e-05 2.446430000000000000e+06
1.898949474737368864e-05 2.446430000000000000e+06
1.899949974987493823e-05 2.446430000000000000e+06
1.900950475237618781e-05 2.446430000000000000e+06
1.901950975487744078e-05 2.446430000000000000e+06
1.902951475737869037e-05 2.446430000000000000e+06
1.903951975987993995e-05 2.446430000000000000e+06
1.904952476238119292e-05 2.446430000000000000e+06
1.905952976488244251e-05 2.446430000000000000e+06
1.906953476738369209e-05 2.446430000000000000e+06
1.907953976988494506e-05 2.446430000000000000e+06
1.908954477238619465e-05 2.446430000000000000e+06
1.909954977488744423e-05 2.446430000000000000e+06
1.910955477738869720e-05 2.446430000000000000e+06
1.911955977988994679e-05 2.446430000000000000e+06
1.912956478239119637e-05 2.446430000000000000e+06
1.913956978489244595e-05 2.446430000000000000e+06
1.914957478739369893e-05 2.446430000000000000e+06
1.915957978989494851e-05 2.446430000000000000e+06
1.916958479239619809e-05 2.446430000000000000e+06
1.917958979489745106e-05 2.446430000000000000e+06
1.918959479739870065e-05 2.446430000000000000e+06
1.919959979989995023e-05 2.446430000000000000e+06
1.920960480240120320e-05 2.446430000000000000e+06
1.921960980490245279e-05 2.446430000000000000e+06
1.922961480740370237e-05 2.446430000000000000e+06
1.923961980990495534e-05 2.446430000000000000e+06
1.924962481240620493e-05 2.446430000000000000e+06
1.925962981490745451e-05 2.446430000000000000e+06
1.926963481740870409e-05 2.446430000000000000e+06
1.927963981990995707e-05 2.446430000000000000e+06
1.928964482241120665e-05 2.446430000000000000e+06
1.929964982491245623e-05 2.446430000000000000e+06
1.930965482741370921e-05 2.446430000000000000e+06
1.931965982991495879e-05 2.446430000000000000e+06
1.932966483241620837e-05 2.446430000000000000e+06
1.933966983491746135e-05 2.446430000000000000e+06
1.934967483741871093e-05 2.446430000000000000e+06
1.935967983991996051e-05 2.446430000000000000e+06
1.936968484242121348e-05 2.446430000000000000e+06
1.937968984492246307e-05 2.446430000000000000e+06
1.938969484742371265e-05 2.446430000000000000e+06
1.939969984992496224e-05 2.446430000000000000e+06
1.940970485242621521e-05 2.446430000000000000e+06
1.941970985492746479e-05 2.446430000000000000e+06
1.942971485742871438e-05 2.446430000000000000e+06
1.943971985992996735e-05 2.446430000000000000e+06
1.944972486243121693e-05 2.446430000000000000e+06
1.945972986493246651e-05 2.446430000000000000e+06
1.946973486743371949e-05 2.446430000000000000e+06
1.947973986993496907e-05 2.446430000000000000e+06
1.948974487243621865e-05 2.446430000000000000e+06
1.949974987493747163e-05 2.446430000000000000e+06
1.950975487743872121e-05 2.446430000000000000e+06
1.951975987993997079e-05 2.446430000000000000e+06
1.952976488244122038e-05 2.446430000000000000e+06
1.953976988494247335e-05 2.446430000000000000e+06
1.954977488744372293e-05 2.446430000000000000e+06
1.955977988994497252e-05 2.446430000000000000e+06
1.956978489244622549e-05 2.446430000000000000e+06
1.957978989494747507e-05 2.446430000000000000e+06
1.958979489744872466e-05 2.446430000000000000e+06
1.959979989994997763e-05 2.446430000000000000e+06
1.960980490245122721e-05 2.446430000000000000e+06
1.961980990495247680e-05 2.446430000000000000e+06
1.962981490745372977e-05 2.446430000000000000e+06
1.963981990995497935e-05 2.446430000000000000e+06
1.964982491245622894e-05 2.446430000000000000e+06
1.965982991495747852e-05 2.446430000000000000e+06
1.966983491745873149e-05 2.446430000000000000e+06
1.967983991995998107e-05 2.446430000000000000e+06
1.968984492246123066e-05 2.446430000000000000e+06
1.969984992496248363e-05 2.446430000000000000e+06
1.970985492746373321e-05 2.446430000000000000e+06
1.971985992996498280e-05 2.446430000000000000e+06
1.972986493246623577e-05 2.446430000000000000e+06
1.973986993496748535e-05 2.446430000000000000e+06
1.974987493746873494e-05 2.446430000000000000e+06
1.975987993996998791e-05 2.446430000000000000e+06
1.976988494247123749e-05 2.446430000000000000e+06
1.977988994497248708e-05 2.446430000000000000e+06
1.978989494747373666e-05 2.446430000000000000e+06
1.979989994997498963e-05 2.446430000000000000e+06
1.980990495247623922e-05 2.446430000000000000e+06
1.981990995497748880e-05 2.446430000000000000e+06
1.982991495747874177e-05 2.446430000000000000e+06
1.983991995997999136e-05 2.446430000000000000e+06
1.984992496248124094e-05 2.446430000000000000e+06
1.985992996498249391e-05 2.446430000000000000e+06
1.986993496748374349e-05 2.446430000000000000e+06
1.987993996998499308e-05 2.446430000000000000e+06
1.988994497248624605e-05 2.446430000000000000e+06
1.989994997498749563e-05 2.446430000000000000e+06
1.990995497748874522e-05 2.446430000000000000e+06
1.991995997998999480e-05 2.446430000000000000e+06
1.992996498249124777e-05 2.446430000000000000e+06
1.993996998499249736e-05 2.446430000000000000e+06
1.994997498749374694e-05 2.446430000000000000e+06
1.995997998999499991e-05 2.446430000000000000e+06
1.996998499249624950e-05 2.446430000000000000e+06
1.997998999499749908e-05 2.446430000000000000e+06
1.998999499749875205e-05 2.446430000000000000e+06
2.000000000000000164e-05 2.446430000000000000e+06
