t,x
0.000000000000000000e+00,0.000000000000000000e+00
1.000500250125062601e-08,6.350986343101552591e-88
2.001000500250125201e-08,1.792365667043039245e-87
3.001500750375187471e-08,3.658675170561298788e-87
4.002001000500250403e-08,6.375818851755587496e-87
5.002501250625313334e-08,9.933230694213900629e-87
6.003001500750374942e-08,1.399069986547554652e-86
7.003501750875437874e-08,1.761482574493865150e-86
8.004002001000500806e-08,1.892615235783352424e-86
9.004502251125563737e-08,1.468376713327329351e-86
1.000500250125062667e-07,-1.109346714052276915e-88
1.100550275137568828e-07,-3.242074112642505032e-86
1.200600300150074988e-07,-9.088931230271064236e-86
1.300650325162581414e-07,-1.845986254720703147e-85
1.400700350175087575e-07,-3.202047621174513453e-85
1.500750375187594000e-07,-4.966170768875496584e-85
1.600800400200100161e-07,-6.963212535571695416e-85
1.700850425212606322e-07,-8.726394899036850764e-85
1.800900450225112747e-07,-9.328983254349482785e-85
1.900950475237618908e-07,-7.189481580001539043e-85
2.001000500250125334e-07,1.087262423281719557e-86
2.101050525262631495e-07,1.590026708339339257e-84
2.201100550275137655e-07,4.427991369375107797e-84
2.301150575287644081e-07,8.948335828285702441e-84
2.401200600300149977e-07,1.545002744440923467e-83
2.501250625312656402e-07,2.385407278226843489e-83
2.601300650325162828e-07,3.329580431268235904e-83
2.701350675337669253e-07,4.153369450335829992e-83
2.801400700350175150e-07,4.417880882349294762e-83
2.901450725362681575e-07,3.381871139957646744e-83
3.001500750375188001e-07,-7.678443586355016843e-85
3.101550775387693897e-07,-7.491792286438088890e-83
3.201600800400200322e-07,-2.072566501751894172e-82
3.301650825412706748e-07,-4.167401003804819278e-82
3.401700850425212644e-07,-7.162099939256354126e-82
3.501750875437719069e-07,-1.100812098293273367e-81
3.601800900450225495e-07,-1.529604020633947919e-81
3.701850925462731391e-07,-1.899220777416640049e-81
3.801900950475237816e-07,-2.010024650813324826e-81
3.901950975487744242e-07,-1.528325349196096959e-81
4.002001000500250667e-07,4.630948730310249664e-83
4.102051025512756564e-07,3.391305922207010579e-81
4.202101050525262989e-07,9.320043877229425985e-81
4.302151075537769415e-07,1.864650829078435605e-80
4.402201100550275311e-07,3.189783098271101530e-80
4.502251125562781736e-07,4.880604445112583260e-80
4.602301150575288162e-07,6.751156384854813511e-80
4.702351175587794058e-07,8.343716214301015930e-80
4.802401200600299954e-07,8.786106124227957538e-80
4.902451225612806379e-07,6.635501377768624836e-80
5.002501250625312805e-07,-2.515640064232301251e-81
5.102551275637819230e-07,-1.474851328531409958e-79
5.202601300650325656e-07,-4.026569745919515566e-79
5.302651325662832081e-07,-8.015653922262720385e-79
5.402701350675338507e-07,-1.364870928518157007e-78
5.502751375687843874e-07,-2.078948789288325917e-78
5.602801400700350299e-07,-2.862773340505285035e-78
5.702851425712856725e-07,-3.521703389929880364e-78
5.802901450725363150e-07,-3.689768944207013857e-78
5.902951475737869576e-07,-2.767774609623611035e-78
6.003001500750376001e-07,1.260401014047367230e-79
6.103051525762881368e-07,6.162112965778984939e-78
6.203101550775387793e-07,1.671322634877271249e-77
6.303151575787894219e-07,3.310469677629434598e-77
6.403201600800400644e-07,5.610888918893385152e-77
6.503251625812907070e-07,8.507926610930088478e-77
6.603301650825413495e-07,1.166286915548886735e-76
6.703351675837919921e-07,1.428088762178838259e-76
6.803401700850425288e-07,1.488708092886471857e-76
6.903451725862931713e-07,1.109140670221828229e-76
7.003501750875438139e-07,-5.898546494629230019e-78
7.103551775887944564e-07,-2.473496522506695448e-76
7.203601800900450990e-07,-6.664892919218924513e-76
7.303651825912957415e-07,-1.313558716455520462e-75
7.403701850925462782e-07,-2.216059495427850967e-75
7.503751875937969207e-07,-3.345133400935929479e-75
7.603801900950475633e-07,-4.564923294121823931e-75
7.703851925962982058e-07,-5.563739650079153290e-75
7.803901950975488484e-07,-5.770687608777309727e-75
7.903951975987994909e-07,-4.270132509236989091e-75
8.004002001000501335e-07,2.597986594918965796e-76
8.104052026013006702e-07,9.538789998102988568e-75
8.204102051025513127e-07,2.553488362560760621e-74
8.304152076038019553e-07,5.007472706238292402e-74
8.404202101050525978e-07,8.408931596348068710e-74
8.504252126063032404e-07,1.263609584916497879e-73
8.604302151075538829e-07,1.716608291537948022e-73
8.704352176088044196e-07,2.082512249976226511e-73
8.804402201100550621e-07,2.149083073024481220e-73
8.904452226113057047e-07,1.579409567253168019e-73
9.004502251125563472e-07,-1.082180884925587368e-74
9.104552276138069898e-07,-3.534074524415414038e-73
9.204602301150576323e-07,-9.399016836139610469e-73
9.304652326163081690e-07,-1.833989810174218562e-72
9.404702351175588116e-07,-3.065560442409806848e-72
9.504752376188094541e-07,-4.585874278298589246e-72
9.604802401200599908e-07,-6.201811568491852977e-72
9.704852426213106333e-07,-7.488890728112133926e-72
9.804902451225612759e-07,-7.689293728758902474e-72
9.904952476238119184e-07,-5.612375804975774075e-72
1.000500250125062561e-06,4.277384167804409690e-73
1.010505252626313204e-06,1.257936292739141009e-71
1.020510255127563846e-06,3.323830148330153640e-71
1.030515257628814489e-06,6.453338959373813568e-71
1.040520260130065131e-06,1.073713980860150345e-70
1.050525262631315774e-06,1.598973036342164171e-70
1.060530265132566416e-06,2.152660618268873553e-70
1.070535267633817059e-06,2.587358348158151031e-70
1.080540270135067701e-06,2.643183370149777201e-70
1.090545272636318132e-06,1.916007322050447917e-70
1.100550275137568775e-06,-1.608060298144320106e-71
1.110555277638819417e-06,-4.301720739016365571e-70
1.120560280140070060e-06,-1.129283755423704276e-69
1.130565282641320702e-06,-2.181630868294108398e-69
1.140570285142571345e-06,-3.613075152528702716e-69
1.150575287643821987e-06,-5.356361737970445373e-69
1.160580290145072630e-06,-7.178640443248366054e-69
1.170585292646323273e-06,-8.588252945761697841e-69
1.180590295147573915e-06,-8.729225552365995279e-69
1.190595297648824558e-06,-6.284140681708641249e-69
1.200600300150075200e-06,5.760136242364751264e-70
1.210605302651325843e-06,1.413274408270164693e-68
1.220610305152576274e-06,3.686168763160234796e-68
1.230615307653826916e-06,7.085774073276959233e-68
1.240620310155077559e-06,1.168086609377703184e-67
1.250625312656328201e-06,1.723885516301440237e-67
1.260630315157578844e-06,2.299950411547905061e-67
1.270635317658829486e-06,2.738812008081085076e-67
1.280640320160080129e-06,2.769693441100600355e-67
1.290645322661330771e-06,1.980125960629336770e-67
1.300650325162581414e-06,-1.968553424342842807e-68
1.310655327663832057e-06,-4.460787996670191304e-67
1.320660330165082699e-06,-1.155993084250643089e-66
1.330665332666333342e-06,-2.211070414608325064e-66
1.340670335167583984e-06,-3.628129332658510369e-66
1.350675337668834415e-06,-5.330362014975335454e-66
1.360680340170085058e-06,-7.079529204614517872e-66
1.370685342671335700e-06,-8.391290714721392059e-66
1.380690345172586343e-06,-8.442969887943004725e-66
1.390695347673836985e-06,-5.994290536822147521e-66
1.400700350175087628e-06,6.425319246940215655e-67
1.410705352676338270e-06,1.352687789523822644e-65
1.420710355177588913e-06,3.482917257624907114e-65
1.430715357678839555e-06,6.628680567441438253e-65
1.440720360180090198e-06,1.082680064954856807e-64
1.450725362681340840e-06,1.583487913326187361e-64
1.460730365182591483e-06,2.093629917692675427e-64
1.470735367683842126e-06,2.470042666953852236e-64
1.480740370185092556e-06,2.472670876894767412e-64
1.490745372686343199e-06,1.743334315454080010e-64
1.500750375187593841e-06,-2.004616193745426446e-65
1.510755377688844484e-06,-3.940801345754026714e-64
1.520760380190095127e-06,-1.008182118936994119e-63
1.530765382691345769e-06,-1.909241462167530817e-63
1.540770385192596412e-06,-3.104039129050086647e-63
1.550775387693847054e-06,-4.519418539450914900e-63
1.560780390195097697e-06,-5.948467391651895148e-63
1.570785392696348339e-06,-6.985367877531960078e-63
1.580790395197598982e-06,-6.957366916904739089e-63
1.590795397698849624e-06,-4.871036135430838773e-63
1.600800400200100267e-06,5.981963192786682173e-64
1.610805402701350698e-06,1.102992579211552160e-62
1.620810405202601340e-06,2.803772346280724013e-62
1.630815407703851983e-06,5.283283009944870040e-62
1.640820410205102625e-06,8.549956437563456232e-62
1.650825412706353268e-06,1.239253446801536907e-61
1.660830415207603911e-06,1.623752694999203168e-61
1.670835417708854553e-06,1.897943351991527716e-61
1.680840420210105196e-06,1.880749725908495100e-61
1.690845422711355838e-06,1.307554104528348345e-61
1.700850425212606481e-06,-1.708310978969953533e-62
1.710855427713857123e-06,-2.965936166186598060e-61
1.720860430215107766e-06,-7.491252599413385781e-61
1.730865432716358197e-06,-1.404611269573705173e-60
1.740870435217608839e-06,-2.262613039000075263e-60
1.750875437718859482e-06,-3.264731508571411604e-60
1.760880440220110124e-06,-4.258379018999075943e-60
1.770885442721360767e-06,-4.954346080972384748e-60
1.780890445222611409e-06,-4.884550419791689552e-60
1.790895447723862052e-06,-3.372061519131353762e-60
1.800900450225112694e-06,4.670842797595237425e-61
1.810905452726363337e-06,7.662178336136361342e-60
1.820910455227613980e-06,1.922976968439823024e-59
1.830915457728864622e-06,3.587712887847260667e-59
1.840920460230115265e-06,5.752628639216571336e-59
1.850925462731365907e-06,8.263129676574416911e-59
1.860930465232616338e-06,1.072947246045110297e-58
1.870935467733866981e-06,1.242506194450583768e-58
1.880940470235117623e-06,1.218780961206718830e-58
1.890945472736368266e-06,8.354657893756795660e-59
1.900950475237618908e-06,-1.223183348107064751e-59
1.910955477738869551e-06,-1.901708918982326646e-58
1.920960480240119982e-06,-4.742438237864127832e-58
1.930965482741370836e-06,-8.804171119296976213e-58
1.940970485242621267e-06,-1.405180335733602094e-57
1.950975487743872121e-06,-2.009330739828429168e-57
1.960980490245122552e-06,-2.597299617093155313e-57
1.970985492746373406e-06,-2.993780173037833130e-57
1.980990495247623837e-06,-2.921690344435030864e-57
1.990995497748874691e-06,-1.988653270992809289e-57
2.001000500250125122e-06,3.068977091078600748e-58
2.011005502751375976e-06,4.534581848185020698e-57
2.021010505252626407e-06,1.123666040836473191e-56
2.031015507753877261e-06,2.075718876526775242e-56
2.041020510255127692e-06,3.297672026331317021e-56
2.051025512756378123e-06,4.694269841623417111e-56
2.061030515257628977e-06,6.040534350490113229e-56
2.071035517758879408e-06,6.930273468640473419e-56
2.081040520260130262e-06,6.728994184104948867e-56
2.091045522761380693e-06,4.547644786164826183e-56
2.101050525262631547e-06,-7.379367100034986552e-57
2.111055527763881978e-06,-1.038800006412990476e-55
2.121060530265132833e-06,-2.557883798305432130e-55
2.131065532766383263e-06,-4.701731923296234829e-55
2.141070535267634118e-06,-7.435197857386640013e-55
2.151075537768884548e-06,-1.053645301860622042e-54
2.161080540270135403e-06,-1.349703234348293376e-54
2.171085542771385834e-06,-1.541309841513273176e-54
2.181090545272636264e-06,-1.488927490779765879e-54
2.191095547773887119e-06,-9.991045088623881680e-55
2.201100550275137549e-06,1.700862280441480437e-55
2.211105552776388404e-06,2.286273694854682625e-54
2.221110555277638835e-06,5.594127502753011401e-54
2.231115557778889689e-06,1.023190418068765158e-53
2.241120560280140120e-06,1.610598439470651968e-53
2.251125562781390974e-06,2.272116426198265014e-53
2.261130565282641405e-06,2.897415912068911248e-53
2.271135567783892259e-06,3.293355715180719021e-53
2.281140570285142690e-06,3.165223316982994939e-53
2.291145572786393544e-06,2.108783857092781753e-53
2.301150575287643975e-06,-3.758646062542042100e-54
2.311155577788894406e-06,-4.834217127384857357e-53
2.321160580290145260e-06,-1.175416860736119773e-52
2.331165582791395691e-06,-2.139263793379212687e-52
2.341170585292646545e-06,-3.351904937335357294e-52
2.351175587793896976e-06,-4.707349996388430384e-52
2.361180590295147830e-06,-5.975758167346252674e-52
2.371185592796398261e-06,-6.760774298511135788e-52
2.381190595297649115e-06,-6.464613432063308019e-52
2.391195597798899546e-06,-4.276119446136144177e-52
2.401200600300150400e-06,7.964938783739551797e-53
2.411205602801400831e-06,9.820324121667030017e-52
2.421210605302651686e-06,2.372791013053245045e-51
2.431215607803902116e-06,4.297159720046333901e-51
2.441220610305152547e-06,6.702021068220005056e-51
2.451225612806403401e-06,9.369839675707008374e-51
2.461230615307653832e-06,1.184090251993421901e-50
2.471235617808904687e-06,1.333408858995531438e-50
2.481240620310155117e-06,1.268493202118090646e-50
2.491245622811405972e-06,8.330365175326872523e-51
2.501250625312656402e-06,-1.618785450434111517e-51
2.511255627813907257e-06,-1.916581558806676706e-50
2.521260630315157688e-06,-4.601877883051302805e-50
2.531265632816408542e-06,-8.292928739948457603e-50
2.541270635317658973e-06,-1.287447598841390843e-49
2.551275637818909827e-06,-1.791833251603602872e-49
2.561280640320160258e-06,-2.254167664831322373e-49
2.571285642821410689e-06,-2.526616526715983446e-49
2.581290645322661543e-06,-2.391338697636736512e-49
2.591295647823911974e-06,-1.559102052595849785e-49
2.601300650325162828e-06,3.155812506412031422e-50
2.611305652826413259e-06,3.593607811932187774e-49
2.621310655327664113e-06,8.574695975757149388e-49
2.631315657828914544e-06,1.537601012599304071e-48
2.641320660330165398e-06,2.376090690884284384e-48
2.651325662831415829e-06,3.292098227903967548e-48
2.661330665332666683e-06,4.122847224888527343e-48
2.671335667833917114e-06,4.599646146802145177e-48
2.681340670335167968e-06,4.331131670301025084e-48
2.691345672836418399e-06,2.803374863783949433e-48
2.701350675337668830e-06,-5.902019617239620861e-49
2.711355677838919684e-06,-6.473453286588326167e-48
2.721360680340170115e-06,-1.535007218559813935e-47
2.731365682841420969e-06,-2.738978780703811728e-47
2.741370685342671400e-06,-4.213142451743827767e-47
2.751375687843922254e-06,-5.811091846703084510e-47
2.761380690345172685e-06,-7.244657913379790236e-47
2.771385692846423540e-06,-8.044862053539722467e-47
2.781390695347673970e-06,-7.536488013365779159e-47
2.791395697848924825e-06,-4.842657658048502566e-47
2.801400700350175255e-06,1.059020662406203695e-47
2.811405702851426110e-06,1.120323379078046273e-46
2.821410705352676541e-06,2.640037983956144102e-46
2.831415707853926971e-06,4.687518243145523916e-46
2.841420710355177826e-06,7.177264550701734009e-46
2.851425712856428256e-06,9.854905307788635477e-46
2.861430715357679111e-06,1.223061056708023635e-45
2.871435717858929542e-06,1.351829332069736815e-45
2.881440720360180396e-06,1.259922851222780860e-45
2.891445722861430827e-06,8.036781385680669263e-46
2.901450725362681681e-06,-1.823326299362871528e-46
2.911455727863932112e-06,-1.862742802888946183e-45
2.921460730365182966e-06,-4.362324832158770080e-45
2.931465732866433397e-06,-7.707376406737353006e-45
2.941470735367684251e-06,-1.174685064109694569e-44
2.951475737868934682e-06,-1.605672364496887393e-44
2.961480740370185113e-06,-1.983754865807825993e-44
2.971485742871435967e-06,-2.182399281440872408e-44
2.981490745372686398e-06,-2.023607080202014711e-44
2.991495747873937252e-06,-1.281374750419449028e-44
3.001500750375187683e-06,3.012438068856115049e-45
3.011505752876438537e-06,2.975531665782204005e-44
3.021510755377688968e-06,6.925225362362374921e-44
3.031515757878939822e-06,1.217529424457453818e-43
3.041520760380190253e-06,1.847113666546484877e-43
3.051525762881441107e-06,2.513455327261988398e-43
3.061530765382691538e-06,3.091273867892588228e-43
3.071535767883942393e-06,3.384976285562418447e-43
3.081540770385192823e-06,3.122595346434394686e-43
3.091545772886443254e-06,1.962752839790323031e-43
3.101550775387694108e-06,-4.776387122310035609e-44
3.111555777888944539e-06,-4.566448012956248891e-43
3.121560780390195394e-06,-1.056228580207626303e-42
3.131565782891445824e-06,-1.847828510773752540e-42
3.141570785392696679e-06,-2.790457933058391891e-42
3.151575787893947109e-06,-3.780029329089660735e-42
3.161580790395197964e-06,-4.628034303962997369e-42
3.171585792896448395e-06,-5.044128276586175264e-42
3.181590795397699249e-06,-4.629269764333097977e-42
3.191595797898949680e-06,-2.888353429215622119e-42
3.201600800400200534e-06,7.268406930998698694e-43
3.211605802901450965e-06,6.732785662270943789e-42
3.221610805402701396e-06,1.547711550502108935e-41
3.231615807903952250e-06,2.694344761858723246e-41
3.241620810405202681e-06,4.050111899065499348e-41
3.251625812906453535e-06,5.461713675054361117e-41
3.261630815407703966e-06,6.656796242937640287e-41
3.271635817908954820e-06,7.221471169506222192e-41
3.281640820410205251e-06,6.593507687671294850e-41
3.291645822911456105e-06,4.083477238728756386e-41
3.301650825412706536e-06,-1.061610252741754382e-41
3.311655827913957390e-06,-9.537036833221602599e-41
3.321660830415207821e-06,-2.178864627213604580e-40
3.331665832916458252e-06,-3.774452605400668763e-40
3.341670835417709106e-06,-5.647656186951737349e-40
3.351675837918959537e-06,-7.581802178847184095e-40
3.361680840420210391e-06,-9.199062396736491881e-40
3.371685842921460822e-06,-9.932859755339131301e-40
3.381690845422711676e-06,-9.022518332458725721e-40
3.391695847923962107e-06,-5.546319007072770448e-40
3.401700850425212961e-06,1.488341077613833043e-40
3.411705852926463392e-06,1.297880178144852881e-39
3.421710855427714247e-06,2.946989573432381123e-39
3.431715857928964677e-06,5.080004505978039387e-39
3.441720860430215532e-06,7.566223476193788722e-39
3.451725862931465962e-06,1.011173615257573952e-38
3.461730865432716393e-06,1.221325627695077629e-38
3.471735867933967248e-06,1.312598741667136319e-38
3.481740870435217678e-06,1.186168101380970973e-38
3.491745872936468533e-06,7.237261482862742894e-39
3.501750875437718963e-06,-2.002970074184490305e-39
3.511755877938969818e-06,-1.696907919254833159e-38
3.521760880440220249e-06,-3.829438391805714725e-38
3.531765882941471103e-06,-6.568762086942877821e-38
3.541770885442721534e-06,-9.738672605984750791e-38
3.551775887943972388e-06,-1.295653191664116384e-37
3.561780890445222819e-06,-1.557861982411842390e-37
3.571785892946473673e-06,-1.666474671041225784e-37
3.581790895447724104e-06,-1.498207276385047288e-37
3.591795897948974535e-06,-9.072734538647779326e-38
3.601800900450225389e-06,2.587630493173478069e-38
3.611805902951475820e-06,2.131496174015635446e-37
3.621810905452726674e-06,4.780790598841808653e-37
3.631815907953977105e-06,8.160415733821089056e-37
3.641820910455227959e-06,1.204287159417081510e-36
3.651825912956478390e-06,1.595003239118443426e-36
3.661830915457729244e-06,1.909132582595167665e-36
3.671835917958979675e-06,2.032705675376424931e-36
3.681840920460230529e-06,1.818045462580334548e-36
3.691845922961480960e-06,1.092688745497582662e-36
3.701850925462731814e-06,-3.209262969422313249e-37
3.711855927963982245e-06,-2.572251973188051397e-36
3.721860930465232676e-06,-5.734195744563807345e-36
3.731865932966483530e-06,-9.739807122974813513e-36
3.741870935467733961e-06,-1.430770689578507876e-35
3.751875937968984815e-06,-1.886444919733595312e-35
3.761880940470235246e-06,-2.247774813367368793e-35
3.771885942971486101e-06,-2.382096366879959115e-35
3.781890945472736531e-06,-2.119555213222281611e-35
3.791895947973987386e-06,-1.264296289470536986e-35
3.801900950475237816e-06,3.821215027369571053e-36
3.811905952976488671e-06,2.982257894296392925e-35
3.821910955477739102e-06,6.607748034160281370e-35
3.831915957978989532e-06,1.116857466463635865e-34
3.841920960480239963e-06,1.633126040660996162e-34
3.851925962981491241e-06,2.143563970031130764e-34
3.861930965482741672e-06,2.542606250192751527e-34
3.871935967983992103e-06,2.681965540838422459e-34
3.881940970485242533e-06,2.374060974838594242e-34
3.891945972986493811e-06,1.405384572444519322e-34
3.901950975487744242e-06,-4.368247781031373555e-35
3.911955977988994673e-06,-3.321847460006492183e-34
3.921960980490245104e-06,-7.315476376110765361e-34
3.931965982991496381e-06,-1.230423092590932663e-33
3.941970985492746812e-06,-1.790931866285635518e-33
3.951975987993997243e-06,-2.340122149837487833e-33
3.961980990495247674e-06,-2.763217159046325022e-33
3.971985992996498105e-06,-2.901055888210476319e-33
3.981990995497749382e-06,-2.554736574680866548e-33
3.991995997998999813e-06,-1.500842844750337062e-33
4.002001000500250244e-06,4.794440186702067307e-34
4.012006003001500675e-06,3.554815289089083139e-33
4.022011005502751953e-06,7.781081035516988325e-33
4.032016008004002383e-06,1.302328438025822149e-32
4.042021010505252814e-06,1.886896661860664333e-32
4.052026013006503245e-06,2.454428386825870715e-32
4.062031015507754523e-06,2.885097667778962578e-32
4.072036018009004954e-06,3.014866095879248619e-32
4.082041020510255384e-06,2.641237685921771665e-32
4.092046023011505815e-06,1.539815777304967374e-32
4.102051025512756246e-06,-5.052513749686360739e-33
4.112056028014007524e-06,-3.654747024022291084e-32
4.122061030515257955e-06,-7.951434073073879192e-32
4.132066033016508385e-06,-1.324329053789988941e-31
4.142071035517758816e-06,-1.909971387328180744e-31
4.152076038019010094e-06,-2.473272461383797331e-31
4.162081040520260525e-06,-2.894113882159489303e-31
4.172086043021510956e-06,-3.010155880506249200e-31
4.182091045522761386e-06,-2.623468956891657855e-31
4.192096048024012664e-06,-1.517733800503795465e-31
4.202101050525263095e-06,5.112450893654023790e-32
4.212106053026513526e-06,3.609945067461981038e-31
4.222111055527763957e-06,7.806550883017239461e-31
4.232116058029014387e-06,1.293840153322701088e-30
4.242121060530265665e-06,1.857442165705003536e-30
4.252126063031516096e-06,2.394436462248016317e-30
4.262131065532766527e-06,2.789204169488169862e-30
4.272136068034016958e-06,2.887479870174886262e-30
4.282141070535268235e-06,2.503522159876171160e-30
4.292146073036518666e-06,1.437194424779705228e-30
4.302151075537769097e-06,-4.967238403649151052e-31
4.312156078039019528e-06,-3.425680988189793939e-30
4.322161080540270806e-06,-7.363446658549725700e-30
4.332166083041521236e-06,-1.214436135778698888e-29
4.342171085542771667e-06,-1.735455307476154726e-29
4.352176088044022098e-06,-2.227124169904585339e-29
4.362181090545272529e-06,-2.582584773086240423e-29
4.372186093046523807e-06,-2.661080182651843833e-29
4.382191095547774237e-06,-2.295271146346434908e-29
4.392196098049024668e-06,-1.307459653308895411e-29
4.402201100550275099e-06,4.634217291248749493e-30
4.412206103051526377e-06,3.123175250045568385e-29
4.422211105552776808e-06,6.672849398944323416e-29
4.432216108054027238e-06,1.095161274834808867e-28
4.442221110555277669e-06,1.557834305387912135e-28
4.452226113056528947e-06,1.990193498737656725e-28
4.462231115557779378e-06,2.297409729198654792e-28
4.472236118059029809e-06,2.356166450184025530e-28
4.482241120560280239e-06,2.021731988108417839e-28
4.492246123061530670e-06,1.142703863990832137e-28
4.502251125562781948e-06,-4.151680043806914245e-29
4.512256128064032379e-06,-2.735577129519621781e-28
4.522261130565282810e-06,-5.809646920344364131e-28
4.532266133066533240e-06,-9.488352704865364135e-28
4.542271135567784518e-06,-1.343503459950824105e-27
4.552276138069034949e-06,-1.708661104155370157e-27
4.562281140570285380e-06,-1.963504557260843829e-27
4.572286143071535811e-06,-2.004301176287859016e-27
4.582291145572787088e-06,-1.710882471363949359e-27
4.592296148074037519e-06,-9.594702049536651051e-28
4.602301150575287950e-06,3.571637040626340182e-28
4.612306153076538381e-06,2.301997280545103467e-27
4.622311155577788812e-06,4.859553885549252588e-27
4.632316158079040089e-06,7.897923240380552738e-27
4.642321160580290520e-06,1.113181583088165074e-26
4.652326163081540951e-06,1.409374213245648251e-26
4.662331165582791382e-06,1.612259548034803540e-26
4.672336168084042660e-06,1.638056950401921806e-26
4.682341170585293090e-06,1.390989207915788543e-26
4.692346173086543521e-06,7.739652310112893716e-27
4.702351175587793952e-06,-2.950638103246126831e-27
4.712356178089045230e-06,-1.861075273665971097e-26
4.722361180590295661e-06,-3.905272311714115381e-26
4.732366183091546091e-06,-6.316032366262001101e-26
4.742371185592796522e-06,-8.861412107834522637e-26
4.752376188094046953e-06,-1.116879877514496031e-25
4.762381190595298231e-06,-1.271884240724862012e-25
4.772386193096548662e-06,-1.286186684798411353e-25
4.782391195597799092e-06,-1.086511466830057869e-25
4.792396198099049523e-06,-5.997956765188152568e-26
4.802401200600300801e-06,2.340875981942899244e-26
4.812406203101551232e-06,1.445527708046567786e-25
4.822411205602801663e-06,3.015188784014877292e-25
4.832416208104052093e-06,4.852718933730473141e-25
4.842421210605303371e-06,6.777188343101457594e-25
4.852426213106553802e-06,8.503473625748546914e-25
4.862431215607804233e-06,9.639839385893256229e-25
4.872436218109054664e-06,9.702597458507307884e-25
4.882441220610305094e-06,8.153645359996605167e-25
4.892446223111556372e-06,4.465569851480529225e-25
4.902451225612806803e-06,-1.783457670813829769e-25
4.912456228114057234e-06,-1.078679209518605392e-24
4.922461230615307665e-06,-2.236587903171782117e-24
4.932466233116558942e-06,-3.582080032144601990e-24
4.942471235617809373e-06,-4.979730918563205122e-24
4.952476238119059804e-06,-6.220080833572170221e-24
4.962481240620310235e-06,-7.019425857359126968e-24
4.972486243121561513e-06,-7.032034703775726259e-24
4.982491245622811943e-06,-5.878631701548015872e-24
4.992496248124062374e-06,-3.194051173879345013e-24
5.002501250625312805e-06,1.304898602828042772e-24
5.012506253126563236e-06,7.733243018548445901e-24
5.022511255627814514e-06,1.593917063074597786e-23
5.032516258129064944e-06,2.540357217443596027e-23
5.042521260630315375e-06,3.515376927991873001e-23
5.052526263131565806e-06,4.371247983418462533e-23
5.062531265632817084e-06,4.910695033491497063e-23
5.072536268134067515e-06,4.896468660121584660e-23
5.082541270635317945e-06,4.071998384085919589e-23
5.092546273136568376e-06,2.194815531365092122e-23
5.102551275637819654e-06,-9.169115671001693055e-24
5.112556278139070085e-06,-5.326409181160158364e-23
5.122561280640320516e-06,-1.091324142564167139e-22
5.132566283141570946e-06,-1.730866836084813150e-22
5.142571285642821377e-06,-2.384227109524870146e-22
5.152576288144072655e-06,-2.951376519211998201e-22
5.162581290645323086e-06,-3.300607752488300049e-22
5.172586293146573517e-06,-3.275623137596499787e-22
5.182591295647823947e-06,-2.709853619131838444e-22
5.192596298149075225e-06,-1.448922283375581733e-22
5.202601300650325656e-06,6.187591163537379722e-23
5.212606303151576087e-06,3.524609180446642589e-22
5.222611305652826518e-06,7.178771171908000861e-22
5.232616308154077795e-06,1.133031248518596908e-21
5.242621310655328226e-06,1.553577948039716662e-21
5.252626313156578657e-06,1.914491959614907804e-21
5.262631315657829088e-06,2.131348379804022880e-21
5.272636318159079519e-06,2.105299334933542484e-21
5.282641320660330796e-06,1.732570583156347342e-21
5.292646323161581227e-06,9.189307939929956363e-22
5.302651325662831658e-06,-4.010196059815649579e-22
5.312656328164082089e-06,-2.240737785451222268e-21
5.322661330665333367e-06,-4.536853658338834152e-21
5.332666333166583797e-06,-7.125732018954182373e-21
5.342671335667834228e-06,-9.725863676188629493e-21
5.352676338169084659e-06,-1.193142269307553739e-20
5.362681340670335937e-06,-1.322283400024358779e-20
5.372686343171586368e-06,-1.299998177736530139e-20
5.382691345672836798e-06,-1.064248116227139770e-20
5.392696348174087229e-06,-5.599005513094582920e-21
5.402701350675337660e-06,2.496119904439799559e-21
5.412706353176588938e-06,1.368594496173684979e-20
5.422711355677839369e-06,2.754658422878537763e-20
5.432716358179089799e-06,4.305528350875547168e-20
5.442721360680340230e-06,5.849692161967841018e-20
5.452726363181591508e-06,7.143987273715417492e-20
5.462731365682841939e-06,7.881415464529420403e-20
5.472736368184092370e-06,7.712241061649356230e-20
5.482741370685342800e-06,6.280607773019214561e-20
5.492746373186594078e-06,3.277397249901461846e-20
5.502751375687844509e-06,-1.492199184125217867e-20
5.512756378189094940e-06,-8.030864079062411344e-20
5.522761380690345371e-06,-1.606900807987486759e-19
5.532766383191595801e-06,-2.499382896675248893e-19
5.542771385692847079e-06,-3.380240114687825635e-19
5.552776388194097510e-06,-4.109593521977350480e-19
5.562781390695347941e-06,-4.513292382579494175e-19
5.572786393196598372e-06,-4.395693525401997856e-19
5.582791395697849649e-06,-3.560961367672724843e-19
5.592796398199100080e-06,-1.843049895919949295e-19
5.602801400700350511e-06,8.567518258388464146e-20
5.612806403201600942e-06,4.527448821416298591e-19
5.622811405702852220e-06,9.005725908395332155e-19
5.632816408204102650e-06,1.393954214580124990e-18
5.642821410705353081e-06,1.876600365966778142e-18
5.652826413206603512e-06,2.271259825509127216e-18
5.662831415707853943e-06,2.483089002365292997e-18
5.672836418209105221e-06,2.407039217319744572e-18
5.682841420710355651e-06,1.939722655476158203e-18
5.692846423211606082e-06,9.957140398078631238e-19
5.702851425712856513e-06,-4.724493415244186794e-19
5.712856428214107791e-06,-2.452159207089471753e-18
5.722861430715358222e-06,-4.849050762879978940e-18
5.732866433216608652e-06,-7.469191650785129655e-18
5.742871435717859083e-06,-1.000934707631223281e-17
5.752876438219110361e-06,-1.205992271834274467e-17
5.762881440720360792e-06,-1.312504109547811478e-17
5.772886443221611223e-06,-1.266332852415386879e-17
5.782891445722861653e-06,-1.015123261134664661e-17
5.792896448224112084e-06,-5.167986911820242812e-18
5.802901450725363362e-06,2.502258910433323071e-18
5.812906453226613793e-06,1.275991167467119090e-17
5.822911455727864224e-06,2.508436404503647990e-17
5.832916458229114654e-06,3.845103883950440379e-17
5.842921460730365932e-06,5.129197341033861887e-17
5.852926463231616363e-06,6.152221809675999422e-17
5.862931465732866794e-06,6.665283461132302126e-17
5.872936468234117225e-06,6.400612319099221983e-17
5.882941470735368502e-06,5.103929471827762107e-17
5.892946473236618933e-06,2.576897330015534199e-17
5.902951475737869364e-06,-1.272889191518481799e-17
5.912956478239119795e-06,-6.378970807440416299e-17
5.922961480740370226e-06,-1.246688137228324232e-16
5.932966483241621503e-06,-1.901743479824448205e-16
5.942971485742871934e-06,-2.525240677928844475e-16
5.952976488244122365e-06,-3.015290776514718047e-16
5.962981490745372796e-06,-3.251967079686066886e-16
5.972986493246624074e-06,-3.108165305910534155e-16
5.982991495747874504e-06,-2.465456085854054389e-16
5.992996498249124935e-06,-1.234415753462269123e-16
6.003001500750375366e-06,6.219201836483989535e-17
6.013006503251626644e-06,3.063779832795224972e-16
6.023011505752877075e-06,5.952795119308497454e-16
6.033016508254127505e-06,9.036602529002653896e-16
6.043021510755377936e-06,1.194444166823674617e-15
6.053026513256628367e-06,1.419829408557769928e-15
6.063031515757879645e-06,1.524344823197711927e-15
6.073036518259130076e-06,1.450092227625457732e-15
6.083041520760380506e-06,1.144185865157346310e-15
6.093046523261630937e-06,5.680860331122308581e-16
6.103051525762882215e-06,-2.918559340677485045e-16
6.113056528264132646e-06,-1.413736702920402884e-15
6.123061530765383077e-06,-2.730815939425431197e-15
6.133066533266633507e-06,-4.125416620475064370e-15
6.143071535767884785e-06,-5.427985029336808759e-15
6.153076538269135216e-06,-6.423221357748295180e-15
6.163081540770385647e-06,-6.864831174817468386e-15
6.173086543271636078e-06,-6.499741231074209210e-15
6.183091545772886508e-06,-5.101554884757014419e-15
6.193096548274137786e-06,-2.511624812269349987e-15
6.203101550775388217e-06,1.315516052206825413e-15
6.213106553276638648e-06,6.267345024664459273e-15
6.223111555777889079e-06,1.203572667747796854e-14
6.233116558279140356e-06,1.809421886129548257e-14
6.243121560780390787e-06,2.369851534084640517e-14
6.253126563281641218e-06,2.791768249535892306e-14
6.263131565782891649e-06,2.970202516814643134e-14
6.273136568284142927e-06,2.799016309976602214e-14
6.283141570785393357e-06,2.185320823589776502e-14
6.293146573286643788e-06,1.066800197092790261e-14
6.303151575787894219e-06,-5.695361024412166225e-15
6.313156578289144650e-06,-2.669333356368190135e-14
6.323161580790395928e-06,-5.096365965914159821e-14
6.333166583291646358e-06,-7.624673627886406949e-14
6.343171585792896789e-06,-9.940617175527549067e-14
6.353176588294147220e-06,-1.165777291681550473e-13
6.363181590795398498e-06,-1.234672627764243464e-13
6.373186593296648929e-06,-1.158040388776772918e-13
6.383191595797899359e-06,-8.993618848619789517e-14
6.393196598299149790e-06,-4.353101014875924928e-14
6.403201600800401068e-06,2.368358312899522471e-14
6.413206603301651499e-06,1.092260454524750061e-13
6.423211605802901930e-06,2.073276895832596375e-13
6.433216608304152360e-06,3.086825469734529807e-13
6.443221610805402791e-06,4.006039903799808741e-13
6.453226613306654069e-06,4.676937556460920620e-13
6.463231615807904500e-06,4.930910666676824489e-13
6.473236618309154931e-06,4.603105125717326519e-13
6.483241620810405361e-06,3.555988622845827805e-13
6.493246623311656639e-06,1.706480763905195483e-13
6.503251625812907070e-06,-9.459713713443547931e-14
6.513256628314157501e-06,-4.293918937311960639e-13
6.523261630815407932e-06,-8.103309540146985702e-13
6.533266633316658362e-06,-1.200638570807136592e-12
6.543271635817909640e-06,-1.551053957137746350e-12
6.553276638319160071e-06,-1.802674451879823252e-12
6.563281640820410502e-06,-1.891960230308418734e-12
6.573286643321660933e-06,-1.757870931303413929e-12
6.583291645822912210e-06,-1.350805546558468242e-12
6.593296648324162641e-06,-6.426739458777881145e-13
6.603301650825413072e-06,3.629244707029910334e-13
6.613306653326663503e-06,1.621756897511998415e-12
6.623311655827914781e-06,3.042818009041162663e-12
6.633316658329165211e-06,4.486647081117015573e-12
6.643321660830415642e-06,5.769633876587602882e-12
6.653326663331666073e-06,6.675484439457313179e-12
6.663331665832916504e-06,6.974393136073141237e-12
6.673336668334167782e-06,6.449588025116300319e-12
6.683341670835418212e-06,4.929829193873752709e-12
6.693346673336668643e-06,2.325231932774172653e-12
6.703351675837919074e-06,-1.337412188626965431e-12
6.713356678339170352e-06,-5.884668374965903111e-12
6.723361680840420783e-06,-1.097736142925885894e-11
6.733366683341671213e-06,-1.610797446495564057e-11
6.743371685842921644e-06,-2.061955643716827008e-11
6.753376688344172922e-06,-2.374969427711864946e-11
6.763381690845423353e-06,-2.470076455607808079e-11
6.773386693346673784e-06,-2.273452357771350137e-11
6.783391695847924214e-06,-1.728532106885831352e-11
6.793396698349174645e-06,-8.082166370052686485e-12
6.803401700850425923e-06,4.733997475761052187e-12
6.813406703351676354e-06,2.051457890700817363e-11
6.823411705852926785e-06,3.804769872664301577e-11
6.833416708354177215e-06,5.556091164391497621e-11
6.843421710855428493e-06,7.079785462919796294e-11
6.853426713356678924e-06,8.117887156947780353e-11
6.863431715857929355e-06,8.404732910010301890e-11
6.873436718359179786e-06,7.699253666119440275e-11
6.883441720860431063e-06,5.822768812531011961e-11
6.893446723361681494e-06,2.698825736818827918e-11
6.903451725862931925e-06,-1.609560526666856095e-11
6.913456728364182356e-06,-6.870805247767042544e-11
6.923461730865432787e-06,-1.266972760488881486e-10
6.933466733366684064e-06,-1.841226443676645740e-10
6.943471735867934495e-06,-2.335450100976814345e-10
6.953476738369184926e-06,-2.665862511493790939e-10
6.963481740870435357e-06,-2.747558730823971462e-10
6.973486743371686635e-06,-2.505072397100219674e-10
6.983491745872937065e-06,-1.884465269060925352e-10
6.993496748374187496e-06,-8.657790399402601595e-11
7.003501750875437927e-06,5.256611153691179112e-11
7.013506753376689205e-06,2.210839085676405539e-10
7.023511755877939636e-06,4.053354825304181252e-10
7.033516758379190066e-06,5.862116657406316282e-10
7.043521760880440497e-06,7.401688511276928315e-10
7.053526763381690928e-06,8.410895461508230691e-10
7.063531765882942206e-06,8.629380073278813807e-10
7.073536768384192637e-06,7.830704059518449102e-10
7.083541770885443067e-06,5.859400699119865835e-10
7.093546773386693498e-06,2.668234951551661814e-10
7.103551775887944776e-06,-1.649021160519851744e-10
7.113556778389195207e-06,-6.834569069652768085e-10
7.123561780890445638e-06,-1.245863429117950072e-09
7.133566783391696068e-06,-1.793127309764741563e-09
7.143571785892947346e-06,-2.253724023135233795e-09
7.153576788394197777e-06,-2.549508550854525313e-09
7.163581790895448208e-06,-2.603884724994109403e-09
7.173586793396698639e-06,-2.351744905900804878e-09
7.183591795897949069e-06,-1.750349220244455961e-09
7.193596798399200347e-06,-7.899970084100579257e-10
7.203601800900450778e-06,4.969022022113833972e-10
7.213606803401701209e-06,2.029876852478951370e-09
7.223611805902951640e-06,3.679041870091505202e-09
7.233616808404202917e-06,5.269594667422530562e-09
7.243621810905453348e-06,6.592959102886594887e-09
7.253626813406703779e-06,7.424726495701616314e-09
7.263631815907954210e-06,7.548722351011681893e-09
7.273636818409205488e-06,6.785603482701111152e-09
7.283641820910455918e-06,5.023456362599612211e-09
7.293646823411706349e-06,2.247039940953771371e-09
7.303651825912956780e-06,-1.438276245672249315e-09
7.313656828414207211e-06,-5.792057174975754802e-09
7.323661830915458489e-06,-1.043776486071354325e-08
7.333666833416708919e-06,-1.487827963918474080e-08
7.343671835917959350e-06,-1.852975804652970697e-08
7.353676838419209781e-06,-2.077371631939472035e-08
7.363681840920461059e-06,-2.102493634495389723e-08
7.373686843421711490e-06,-1.881029487522859828e-08
7.383691845922961920e-06,-1.385118595204544888e-08
7.393696848424212351e-06,-6.140159966247750845e-09
7.403701850925463629e-06,3.998919552629847817e-09
7.413706853426714060e-06,1.587817656246718761e-08
7.423711855927964491e-06,2.845042650717206151e-08
7.433716858429214921e-06,4.035874434787886209e-08
7.443721860930465352e-06,5.003441599274092449e-08
7.453726863431716630e-06,5.584157796542962991e-08
7.463731865932967061e-06,5.626074323580891427e-08
7.473736868434217492e-06,5.009698430485227637e-08
7.483741870935467922e-06,3.669252997442304488e-08
7.493746873436719200e-06,1.611876258925794541e-08
7.503751875937969631e-06,-1.068007219544598711e-08
7.513756878439220062e-06,-4.181894703896710067e-08
7.523761880940470493e-06,-7.450382257865318452e-08
7.533766883441721770e-06,-1.051797174716596677e-07
7.543771885942972201e-06,-1.298008815252636368e-07
7.553776888444222632e-06,-1.442151598840886459e-07
7.563781890945473063e-06,-1.446391219321862724e-07
7.573786893446723494e-06,-1.281847649033313067e-07
7.583791895947974771e-06,-9.338447958281127784e-08
7.593796898449225202e-06,-4.065054677293285601e-08
7.603801900950475633e-06,2.739926874198205048e-08
7.613806903451726064e-06,1.058157420645041032e-07
7.623811905952977342e-06,1.874462860117748448e-07
7.633816908454226925e-06,2.633514910418973146e-07
7.643821910955478203e-06,3.235163022108983994e-07
7.653826913456729481e-06,3.578276510470049529e-07
7.663831915957979065e-06,3.572527843216441786e-07
7.673836918459230343e-06,3.151157289478473315e-07
7.683841920960479926e-06,2.283379354402999736e-07
7.693846923461731204e-06,9.848799902920155140e-08
7.703851925962982482e-06,-6.752102665354211540e-08
7.713856928464232066e-06,-2.572362877730095437e-07
7.723861930965483344e-06,-4.530891285105027365e-07
7.733866933466734621e-06,-6.335034632232407382e-07
7.743871935967984205e-06,-7.746837029548664168e-07
7.753876938469235483e-06,-8.529952777492301241e-07
7.763881940970485067e-06,-8.477640576940652707e-07
7.773886943471736345e-06,-7.442392808099958837e-07
7.783891945972987622e-06,-5.363987208033320570e-07
7.793896948474237206e-06,-2.292355690020880160e-07
7.803901950975488484e-06,1.598366335732686389e-07
7.813906953476738068e-06,6.007848734405539113e-07
7.823911955977989346e-06,1.052201627444445742e-06
7.833916958479240623e-06,1.464103024712490709e-06
7.843921960980490207e-06,1.782224428478504531e-06
7.853926963481741485e-06,1.953570566846048673e-06
7.863931965982992763e-06,1.932786609287068749e-06
7.873936968484242347e-06,1.688744415299872421e-06
7.883941970985493624e-06,1.210608357036455062e-06
7.893946973486743208e-06,5.125803962557436074e-07
7.903951975987994486e-06,-3.634567168985903593e-07
7.913956978489245764e-06,-1.348064245595072471e-06
7.923961980990495348e-06,-2.347593129907270689e-06
7.933966983491746625e-06,-3.250900799669114643e-06
7.943971985992996209e-06,-3.939218652224696472e-06
7.953976988494247487e-06,-4.298543506869674630e-06
7.963981990995498765e-06,-4.233527103326421886e-06
7.973986993496748349e-06,-3.681493925168955667e-06
7.983991995997999626e-06,-2.624979078211834875e-06
7.993996998499250904e-06,-1.101089932016744610e-06
8.004002001000500488e-06,7.939075990873031223e-07
8.014007003501751766e-06,2.906076722039628497e-06
8.024012006003001350e-06,5.032169158314992076e-06
8.034017008504252627e-06,6.934980340651160741e-06
8.044022011005503905e-06,8.365030080224635905e-06
8.054027013506753489e-06,9.087057923106738578e-06
8.064032016008004767e-06,8.909027661175534054e-06
8.074037018509254351e-06,7.710686916330456461e-06
8.084042021010505628e-06,5.468324058162618086e-06
8.094047023511756906e-06,2.272290779327536147e-06
8.104052026013006490e-06,-1.665826750843287842e-06
8.114057028514257768e-06,-6.018780231435578061e-06
8.124062031015509046e-06,-1.036325494065121161e-05
8.134067033516758629e-06,-1.421334150873486646e-05
8.144072036018009907e-06,-1.706611433498202594e-05
8.154077038519259491e-06,-1.845589080065308555e-05
8.164082041020510769e-06,-1.801224289159169989e-05
8.174087043521762047e-06,-1.551568177352658027e-05
8.184092046023011630e-06,-1.094432124479413655e-05
8.194097048524262908e-06,-4.504896599693192180e-06
8.204102051025512492e-06,3.357638869537865195e-06
8.214107053526763770e-06,1.197608472668889302e-05
8.224112056028015048e-06,2.050433500835217033e-05
8.234117058529264631e-06,2.798701562272000088e-05
8.244122061030515909e-06,3.345118598394985479e-05
8.254127063531767187e-06,3.601276548455817345e-05
8.264132066033016771e-06,3.498765251398993210e-05
8.274137068534268049e-06,2.999559386958996872e-05
8.284142071035517632e-06,2.104406265734973418e-05
8.294147073536768910e-06,8.579955442908526644e-06
8.304152076038020188e-06,-6.501057680562265668e-06
8.314157078539269772e-06,-2.289424027577744897e-05
8.324162081040521050e-06,-3.897658272284877559e-05
8.334167083541770633e-06,-5.294518059658413040e-05
8.344172086043021911e-06,-6.299384460943001428e-05
8.354177088544273189e-06,-6.751304232166361837e-05
8.364182091045522773e-06,-6.529370835953805905e-05
8.374187093546774051e-06,-5.571252818065272269e-05
8.384192096048025328e-06,-3.887554390113498297e-05
8.394197098549274912e-06,-1.569871072130775202e-05
8.404202101050526190e-06,1.209153634627653985e-05
8.414207103551775774e-06,4.204773961372853749e-05
8.424212106053027052e-06,7.118203533048756966e-05
8.434217108554278329e-06,9.622894509424530988e-05
8.444222111055527913e-06,1.139710202870451120e-04
8.454227113556779191e-06,1.215986153176035341e-04
8.464232116058028775e-06,1.170677803853745761e-04
8.474237118559280053e-06,9.941617815379866414e-05
8.484242121060531330e-06,6.899688450721676574e-05
8.494247123561780914e-06,2.759441177837482285e-05
8.504252126063032192e-06,-2.160368693036019924e-05
8.514257128564283470e-06,-7.419320820228914872e-05
8.524262131065533054e-06,-1.248951640604495004e-04
8.534267133566784331e-06,-1.680329551069898147e-04
8.544272136068033915e-06,-1.981073025635794889e-04
8.554277138569285193e-06,-2.104162731607666292e-04
8.564282141070536471e-06,-2.016568365000332851e-04
8.574287143571786055e-06,-1.704394205698517436e-04
8.584292146073037332e-06,-1.176490885656171861e-04
8.594297148574286916e-06,-4.659678258872236741e-05
8.604302151075538194e-06,3.707871095510694684e-05
8.614307153576789472e-06,1.257739685282111399e-04
8.624312156078039056e-06,2.105374847615704918e-04
8.634317158579290333e-06,2.818984300559452725e-04
8.644322161080541611e-06,3.308386659114621138e-04
8.654327163581791195e-06,3.498160749722611733e-04
8.664332166083042473e-06,3.337321376532254567e-04
8.674337168584292057e-06,2.807319337099592233e-04
8.684342171085543334e-06,1.927319468925736494e-04
8.694347173586794612e-06,7.559059739843634244e-05
8.704352176088044196e-06,-6.113263740929094085e-05
8.714357178589295474e-06,-2.048436622912431322e-04
8.724362181090545058e-06,-3.409744451519980185e-04
8.734367183591796335e-06,-4.543602223164163682e-04
8.744372186093047613e-06,-5.308132627881097286e-04
8.754377188594297197e-06,-5.587402324299196648e-04
8.764382191095548475e-06,-5.306310060158982243e-04
8.774387193596799753e-06,-4.442448087601007169e-04
8.784392196098049336e-06,-3.033366437948067690e-04
8.794397198599300614e-06,-1.178029287515622238e-04
8.804402201100550198e-06,9.682215243598132047e-05
8.814407203601801476e-06,3.205232147155978616e-04
8.824412206103052754e-06,5.305457422154585779e-04
8.834417208604302337e-06,7.035863510861258517e-04
8.844422211105553615e-06,8.182330154448558138e-04
8.854427213606803199e-06,8.574126138993772928e-04
8.864432216108054477e-06,8.105815732956603986e-04
8.874437218609305755e-06,6.754009638386302642e-04
8.884442221110555338e-06,4.586718057253908257e-04
8.894447223611806616e-06,1.763681871821179393e-04
8.904452226113057894e-06,-1.473094898536067966e-04
8.914457228614307478e-06,-4.818386964147292734e-04
8.924462231115558756e-06,-7.931082072804539196e-04
8.934467233616808339e-06,-1.046752404781010328e-03
8.944472236118059617e-06,-1.211774927642864314e-03
8.954477238619310895e-06,-1.264094480011158103e-03
8.964482241120560479e-06,-1.189625703156247782e-03
8.974487243621811757e-06,-9.865287686390028944e-04
8.984492246123061340e-06,-6.663235814353436889e-04
8.994497248624312618e-06,-2.536644696741901270e-04
9.004502251125563896e-06,2.152991737517594942e-04
9.014507253626813480e-06,6.959036650860016748e-04
9.024512256128064758e-06,1.139070672351147470e-03
9.034517258629316035e-06,1.496166717951309243e-03
9.044522261130565619e-06,1.724156389614601558e-03
9.054527263631816897e-06,1.790519038149181261e-03
9.064532266133066481e-06,1.677387714169638810e-03
9.074537268634317759e-06,1.384415937782434341e-03
9.084542271135569036e-06,9.299814011825013622e-04
9.094547273636818620e-06,3.504883709949242710e-04
9.104552276138069898e-06,-3.022810052297924036e-04
9.114557278639319482e-06,-9.656102591775353287e-04
9.124562281140570760e-06,-1.571728467037888715e-03
9.134567283641822037e-06,-2.054591444804905291e-03
9.144572286143071621e-06,-2.356899587166538888e-03
9.154577288644322899e-06,-2.436621615869257428e-03
9.164582291145574177e-06,-2.272302158328427541e-03
9.174587293646823761e-06,-1.866517978708416656e-03
9.184592296148075038e-06,-1.247008044685350226e-03
9.194597298649324622e-06,-4.652233520546596906e-04
9.204602301150575900e-06,4.076968739342294893e-04
9.214607303651827178e-06,1.287241263872318693e-03
9.224612306153076762e-06,2.083593519584688546e-03
9.234617308654328039e-06,2.710693577129863995e-03
9.244622311155577623e-06,3.095389008821738085e-03
9.254627313656828901e-06,3.185715458349808182e-03
9.264632316158080179e-06,2.957387321240185184e-03
9.274637318659329763e-06,2.417722818860207692e-03
9.284642321160581040e-06,1.606460790907461361e-03
9.294647323661832318e-06,5.932293647452833692e-04
9.304652326163081902e-06,-5.282300067165772483e-04
9.314657328664333180e-06,-1.648630780781835123e-03
9.324662331165582764e-06,-2.653732320892916632e-03
9.334667333666834041e-06,-3.435934260689807711e-03
9.344672336168085319e-06,-3.905702179141979508e-03
9.354677338669334903e-06,-4.001617866421665164e-03
9.364682341170586181e-06,-3.697939764555385062e-03
9.374687343671835764e-06,-3.008774085064767814e-03
9.384692346173087042e-06,-1.988276860193802231e-03
9.394697348674338320e-06,-7.267019345139797163e-04
9.404702351175587904e-06,6.574595157860565467e-04
9.414707353676839182e-06,2.028580558163367402e-03
9.424712356178090460e-06,3.247206247933847809e-03
9.434717358679340043e-06,4.184260698808025744e-03
9.444722361180591321e-06,4.734703031737006948e-03
9.454727363681840905e-06,4.829186564818040497e-03
9.464732366183092183e-06,4.442433720498542744e-03
9.474737368684343461e-06,3.597339132655311827e-03
9.484742371185593044e-06,2.364228287428906967e-03
9.494747373686844322e-06,8.551884265045093343e-04
9.504752376188093906e-06,-7.860972669544410074e-04
9.514757378689345184e-06,-2.398095928848051252e-03
9.524762381190596462e-06,-3.817431783430096006e-03
9.534767383691846045e-06,-4.895556835725153703e-03
9.544772386193097323e-06,-5.514372482063586989e-03
9.554777388694348601e-06,-5.599149883335579475e-03
9.564782391195598185e-06,-5.127333630992853865e-03
9.574787393696849463e-06,-4.132205484413542171e-03
9.584792396198099046e-06,-2.700895324428151910e-03
9.594797398699350324e-06,-9.668039055789946247e-04
9.604802401200601602e-06,9.029130083373094464e-04
9.614807403701851186e-06,2.723618758462918905e-03
9.624812406203102464e-06,4.311628701686572203e-03
9.634817408704352047e-06,5.502941971612297471e-03
9.644822411205603325e-06,6.170341285328030494e-03
9.654827413706854603e-06,6.237060281021818663e-03
9.664832416208104187e-06,5.685539643654786458e-03
9.674837418709355465e-06,4.560276296631912002e-03
9.684842421210606742e-06,2.964366241898620021e-03
9.694847423711856326e-06,1.049990329243565565e-03
9.704852426213107604e-06,-9.962742001103945186e-04
9.714857428714357188e-06,-2.971882174120012588e-03
9.724862431215608466e-06,-4.678644944834456365e-03
9.734867433716859743e-06,-5.942883904059607925e-03
9.744872436218109327e-06,-6.633336173989337788e-03
9.754877438719360605e-06,-6.674942485544520070e-03
9.764882441220610189e-06,-6.057051951224834072e-03
9.774887443721861467e-06,-4.835140687505327765e-03
9.784892446223112744e-06,-3.125803663185950081e-03
9.794897448724362328e-06,-1.095473156498930805e-03
9.804902451225613606e-06,1.056029802202686652e-03
9.814907453726864884e-06,3.115461552702177353e-03
9.824912456228114468e-06,4.877614741743273308e-03
9.834917458729365745e-06,6.166078342144607101e-03
9.844922461230615329e-06,6.851167168053669092e-03
9.854927463731866607e-06,6.863171509456381103e-03
9.864932466233117885e-06,6.199553252039064107e-03
9.874937468734367469e-06,4.925335054418296561e-03
9.884942471235618746e-06,3.166629345334838214e-03
9.894947473736868330e-06,1.097960992861776123e-03
9.904952476238119608e-06,-1.075322468779118038e-03
9.914957478739370886e-06,-3.137753168801266871e-03
9.924962481240620470e-06,-4.885438822353415159e-03
9.934967483741871747e-06,-6.146534321908480279e-03
9.944972486243123025e-06,-6.798402225069274246e-03
9.954977488744372609e-06,-6.779722402866852037e-03
9.964982491245623887e-06,-6.096337147379866407e-03
9.974987493746873471e-06,-4.820267499227604176e-03
9.984992496248124748e-06,-3.082041141325773774e-03
9.994997498749376026e-06,-1.057158165692781860e-03
1.000500250125062561e-05,1.051883012643475661e-03
1.001500750375187689e-05,3.036132802202547425e-03
1.002501250625312647e-05,4.701195897974251407e-03
1.003501750875437775e-05,5.886553070929491545e-03
1.004502251125562903e-05,6.481251543117177473e-03
1.005502751375687861e-05,6.434409520433795326e-03
1.006503251625812989e-05,5.759529781887782161e-03
1.007503751875938117e-05,4.532263656562519547e-03
1.008504252126063075e-05,2.881941886232941043e-03
1.009504752376188203e-05,9.778222618481162594e-04
1.010505252626313161e-05,-9.884696563634356743e-04
1.011505752876438289e-05,-2.822464051861403415e-03
1.012506253126563417e-05,-4.346321141593644140e-03
1.013506753376688375e-05,-5.416282165812099855e-03
1.014507253626813503e-05,-5.936364889314591983e-03
1.015507753876938461e-05,-5.866987161578679846e-03
1.016508254127063589e-05,-5.227745372208997786e-03
1.017508754377188717e-05,-4.094186741910960277e-03
1.018509254627313675e-05,-2.589030537610201126e-03
1.019509754877438803e-05,-8.688496160151500114e-04
1.020510255127563931e-05,8.923361105868201672e-04
1.021510755377688889e-05,2.520821589967951575e-03
1.022511255627814017e-05,3.860504628427575014e-03
1.023511755877938975e-05,4.787964171941409483e-03
1.024512256128064103e-05,5.223862337280754664e-03
1.025512756378189231e-05,5.139616421602277892e-03
1.026513256628314189e-05,4.558796990312552824e-03
1.027513756878439317e-05,3.553259858608319877e-03
1.028514257128564275e-05,2.234555221617941494e-03
1.029514757378689403e-05,7.416215425559919208e-04
1.030515257628814531e-05,-7.738807733427136622e-04
1.031515757878939489e-05,-2.163042761138975201e-03
1.032516258129064617e-05,-3.294401201767039461e-03
1.033516758379189745e-05,-4.066398120901602679e-03
1.034517258629314703e-05,-4.416424846077284146e-03
1.035517758879439831e-05,-4.325656671823489841e-03
1.036518259129564789e-05,-3.819338870394621641e-03
1.037518759379689917e-05,-2.962658310071541751e-03
1.038519259629815045e-05,-1.852777885731373125e-03
1.039519759879940003e-05,-6.079788282582447708e-04
1.040520260130065131e-05,6.448863677502593948e-04
1.041520760380190090e-05,1.783302567802094903e-03
1.042521260630315217e-05,2.701049646860798070e-03
1.043521760880440345e-05,3.318045306275225169e-03
1.044522261130565304e-05,3.587170664236746971e-03
1.045522761380690431e-05,3.497519058360963346e-03
1.046523261630815559e-05,3.073894127059051407e-03
1.047523761880940517e-05,2.372770253653709756e-03
1.048524262131065645e-05,1.475277058381949547e-03
1.049524762381190604e-05,4.780456844001370080e-04
1.050525262631315731e-05,-5.170669878661915712e-04
1.051525762881440859e-05,-1.413293265578966949e-03
1.052526263131565818e-05,-2.128272320479923478e-03
1.053526763381690945e-05,-2.601484078727708642e-03
1.054527263631815904e-05,-2.799145688909367765e-03
1.055527763881941031e-05,-2.716205031518044433e-03
1.056528264132066159e-05,-2.375376806700391606e-03
1.057528764382191118e-05,-1.823467778381111792e-03
1.058529264632316245e-05,-1.125498437997878801e-03
1.059529764882441373e-05,-3.573240608317543570e-04
1.060530265132566332e-05,4.024277811361465576e-04
1.061530765382691459e-05,1.080261062627553212e-03
1.062531265632816418e-05,1.614775940815634751e-03
1.063531765882941546e-05,1.962050941796450627e-03
1.064532266133066673e-05,2.098994233568644754e-03
1.065532766383191632e-05,2.024444611471094922e-03
1.066533266633316759e-05,1.758040869749161357e-03
1.067533766883441718e-05,1.337100438315578415e-03
1.068534267133566846e-05,8.119328340335546946e-04
1.069534767383691973e-05,2.401441019536136525e-04
1.070535267633816932e-05,-3.194449141210880692e-04
1.071535767883942060e-05,-8.126436311888285717e-04
1.072536268134067187e-05,-1.194939597016073845e-03
1.073536768384192146e-05,-1.435302823639278153e-03
1.074537268634317274e-05,-1.518451169063048806e-03
1.075537768884442232e-05,-1.445451226942079869e-03
1.076538269134567360e-05,-1.232699532178686179e-03
1.077538769384692487e-05,-9.094825815799334945e-04
1.078539269634817446e-05,-5.144371252730859257e-04
1.079539769884942574e-05,-9.131463755729797138e-05
1.080540270135067532e-05,3.155089431701106856e-04
1.081540770385192660e-05,6.653448883490984973e-04
1.082541270635317788e-05,9.249392585853228070e-04
1.083541770885442746e-05,1.071350175142358509e-03
1.084542271135567874e-05,1.093748471645070294e-03
1.085542771385693001e-05,9.940441663246937353e-04
1.086543271635817960e-05,7.863475948245026532e-04
1.087543771885943088e-05,4.953686593353149063e-04
1.088544272136068046e-05,1.539336978774544251e-04
1.089544772386193174e-05,-2.001467390872513114e-04
1.090545272636318302e-05,-5.275950359865896368e-04
1.091545772886443260e-05,-7.912944721986212449e-04
1.092546273136568388e-05,-9.597611181573039840e-04
1.093546773386693346e-05,-1.010212643503239759e-03
1.094547273636818474e-05,-9.310151648910506726e-04
1.095547773886943602e-05,-7.233225283925929019e-04
1.096548274137068560e-05,-4.017593574012643049e-04
1.097548774387193688e-05,5.959720909306143351e-06
1.098549274637318816e-05,4.605349053025946816e-04
1.099549774887443774e-05,9.137136763302427037e-04
1.100550275137568902e-05,1.311985593480046678e-03
1.101550775387693860e-05,1.601191667987536668e-03
1.102551275637818988e-05,1.731805697760508116e-03
1.103551775887944116e-05,1.664542677709805133e-03
1.104552276138069074e-05,1.375848812841376067e-03
1.105552776388194202e-05,8.627418409709454276e-04
1.106553276638319160e-05,1.464153513815205328e-04
1.107553776888444288e-05,-7.259862619739775296e-04
1.108554277138569416e-05,-1.681958840178660042e-03
1.109554777388694374e-05,-2.627000091704790891e-03
1.110555277638819502e-05,-3.450934873189031617e-03
1.111555777888944630e-05,-4.037111783400694487e-03
1.112556278139069588e-05,-4.274036787857473860e-03
1.113556778389194716e-05,-4.068640411753563640e-03
1.114557278639319674e-05,-3.360018736787335342e-03
1.115557778889444802e-05,-2.132192838873133919e-03
1.116558279139569930e-05,-4.242471203485335398e-04
1.117558779389694888e-05,1.663818440072052868e-03
1.118559279639820016e-05,3.971016906067681776e-03
1.119559779889944974e-05,6.282193557619887049e-03
1.120560280140070102e-05,8.342249726021639875e-03
1.121560780390195230e-05,9.877511626649614421e-03
1.122561280640320188e-05,1.062309392856135466e-02
1.123561780890445316e-05,1.035418836446714078e-02
1.124562281140570444e-05,8.918367610441639906e-03
1.125562781390695402e-05,6.265352101050707806e-03
1.126563281640820530e-05,2.470357085543729500e-03
1.127563781890945488e-05,-2.252785008232308268e-03
1.128564282141070616e-05,-7.551984345407030536e-03
1.129564782391195744e-05,-1.295296224895144989e-02
1.130565282641320702e-05,-1.789178543736188315e-02
1.131565782891445830e-05,-2.176282020390927358e-02
1.132566283141570789e-05,-2.397909007011755564e-02
1.133566783391695916e-05,-2.404009349458354969e-02
1.134567283641821044e-05,-2.160049500236081027e-02
1.135567783891946002e-05,-1.653198591087750788e-02
1.136568284142071130e-05,-8.970234382541941373e-03
1.137568784392196258e-05,6.606349230344751378e-04
1.138569284642321216e-05,1.165210407301004412e-02
1.139569784892446344e-05,2.304752447935955184e-02
1.140570285142571303e-05,3.371104713923952362e-02
1.141570785392696430e-05,4.242600012132832776e-02
1.142571285642821558e-05,4.801567405290507740e-02
1.143571785892946517e-05,4.947596305854700532e-02
1.144572286143071644e-05,4.610655771038429246e-02
1.145572786393196603e-05,3.762582271556513813e-02
1.146573286643321730e-05,2.425445167977833064e-02
1.147573786893446858e-05,6.754670330757865486e-03
1.148574287143571817e-05,-1.358482757057805947e-02
1.149574787393696944e-05,-3.502307176865821631e-02
1.150575287643822072e-05,-5.549889383530698383e-02
1.151575787893947031e-05,-7.281298581123082925e-02
1.152576288144072158e-05,-8.484551536963146068e-02
1.153576788394197117e-05,-8.978928042854132652e-02
1.154577288644322245e-05,-8.637446805322303300e-02
1.155577788894447372e-05,-7.405947334134761750e-02
1.156578289144572331e-05,-5.316336172818812017e-02
1.157578789394697458e-05,-2.491957250067514465e-02
1.158579289644822417e-05,8.562812180510420354e-03
1.159579789894947545e-05,4.443497948385650986e-02
1.160580290145072672e-05,7.933591110698058613e-02
1.161580790395197631e-05,1.096953072134739526e-01
1.162581290645322759e-05,1.320859077002976278e-01
1.163581790895447886e-05,1.435914771106868715e-01
1.164582291145572845e-05,1.421521030373822936e-01
1.165582791395697972e-05,1.268477462070173034e-01
1.166583291645822931e-05,9.808457501643372267e-02
1.167583791895948059e-05,5.765645334563808400e-02
1.168584292146073186e-05,8.665468066686141807e-03
1.169584792396198145e-05,-4.470044535452595558e-02
1.170585292646323273e-05,-9.751930299413100189e-02
1.171585792896448231e-05,-1.445878111675112099e-01
1.172586293146573359e-05,-1.809336726418512009e-01
1.173586793396698487e-05,-2.023369245313633435e-01
1.174587293646823445e-05,-2.058055958942517361e-01
1.175587793896948573e-05,-1.899525645124821582e-01
1.176588294147073700e-05,-1.552280192451804541e-01
1.177588794397198659e-05,-1.039748978306131999e-01
1.178589294647323787e-05,-4.029192435250028570e-02
1.179589794897448745e-05,3.029127962974302937e-02
1.180590295147573873e-05,1.013021691902304261e-01
1.181590795397699001e-05,1.659328502381355874e-01
1.182591295647823959e-05,2.177089999201625437e-01
1.183591795897949087e-05,2.511527982690365812e-01
1.184592296148074045e-05,2.623703919382079364e-01
1.185592796398199173e-05,2.494997224182698980e-01
1.186593296648324301e-05,2.129670184073222394e-01
1.187593796898449259e-05,1.555187593733195761e-01
1.188594297148574387e-05,8.201863196187478278e-02
1.189594797398699515e-05,-9.764421245548561210e-04
1.190595297648824473e-05,-8.582337285445498787e-02
1.191595797898949601e-05,-1.645249058795144881e-01
1.192596298149074559e-05,-2.295138317800101135e-01
1.193596798399199687e-05,-2.744095745487348803e-01
1.194597298649324815e-05,-2.946686573945254128e-01
1.195597798899449773e-05,-2.880603052772695571e-01
1.196598299149574901e-05,-2.549157236330208409e-01
1.197598799399699859e-05,-1.981226230591655868e-01
1.198599299649824987e-05,-1.228629089427753923e-01
1.199599799899950115e-05,-3.611829463477630314e-02
1.200600300150075073e-05,5.400698432404782423e-02
1.201600800400200201e-05,1.390778458904555481e-01
1.202601300650325329e-05,2.111537944708717918e-01
1.203601800900450287e-05,2.635638962672756103e-01
1.204602301150575415e-05,2.915524358078527833e-01
1.205602801400700373e-05,2.927300925150798649e-01
1.206603301650825501e-05,2.672860163878361117e-01
1.207603801900950629e-05,2.179413108017248246e-01
1.208604302151075587e-05,1.496514070156357845e-01
1.209604802401200715e-05,6.909071829298198131e-02
1.210605302651325673e-05,-1.602498156610952101e-02
1.211605802901450801e-05,-9.770711793366204656e-02
1.212606303151575929e-05,-1.684743582140250384e-01
1.213606803401700887e-05,-2.220650744337529514e-01
1.214607303651826015e-05,-2.540118553323156281e-01
1.215607803901951143e-05,-2.620235832676238719e-01
1.216608304152076101e-05,-2.461418008703389615e-01
1.217608804402201229e-05,-2.086622234758581662e-01
1.218609304652326187e-05,-1.538366486565005409e-01
1.219609804902451315e-05,-8.739256282402611820e-02
1.220610305152576443e-05,-1.592516995556773202e-02
1.221610805402701401e-05,5.377233263899137278e-02
1.222611305652826529e-05,1.153705893284117379e-01
1.223611805902951488e-05,1.635919885497608139e-01
1.224612306153076615e-05,1.946689291415577283e-01
1.225612806403201743e-05,2.066324509361490980e-01
1.226613306653326701e-05,1.994103978467541838e-01
1.227613806903451829e-05,1.747347232949896523e-01
1.228614307153576957e-05,1.358770356847211480e-01
1.229614807403701915e-05,8.724799786546573455e-02
1.230615307653827043e-05,3.390814232334315309e-02
1.231615807903952002e-05,-1.895597851923510810e-02
1.232616308154077129e-05,-6.653598462595469720e-02
1.233616808404202257e-05,-1.048371360450275624e-01
1.234617308654327216e-05,-1.310060330419621222e-01
1.235617808904452343e-05,-1.435249505467899311e-01
1.236618309154577302e-05,-1.422624404397772324e-01
1.237618809404702429e-05,-1.283851313531937932e-01
1.238619309654827557e-05,-1.041493993401307605e-01
1.239619809904952516e-05,-7.260243205750049889e-02
1.240620310155077643e-05,-3.722922519742660752e-02
1.241620810405202771e-05,-1.584771517270668582e-03
1.242621310655327730e-05,3.105083745177820639e-02
1.243621810905452857e-05,5.796199235072464762e-02
1.244622311155577816e-05,7.720766172365917113e-02
1.245622811405702943e-05,8.773789332491761794e-02
1.246623311655828071e-05,8.941328615312657546e-02
1.247623811905953030e-05,8.293411552634194495e-02
1.248624312156078157e-05,6.969433875323691185e-02
1.249624812406203116e-05,5.158192275981799552e-02
1.250625312656328244e-05,3.075037368663343165e-02
1.251625812906453371e-05,9.386904489218767661e-03
1.252626313156578330e-05,-1.049943986469000987e-02
1.253626813406703458e-05,-2.725069303772482271e-02
1.254627313656828585e-05,-3.968075186524961523e-02
1.255627813906953544e-05,-4.713748519886441085e-02
1.256628314157078671e-05,-4.950622729235652775e-02
1.257628814407203630e-05,-4.716063095946376738e-02
1.258629314657328758e-05,-4.087152864032606719e-02
1.259629814907453885e-05,-3.168752267769475717e-02
1.260630315157578844e-05,-2.080235038889972216e-02
1.261630815407703972e-05,-9.423698298463296930e-03
1.262631315657828930e-05,1.343698648156649604e-03
1.263631815907954058e-05,1.059078390936659710e-02
1.264632316158079186e-05,1.766646203231187623e-02
1.265632816408204144e-05,2.220700020531009636e-02
1.266633316658329272e-05,2.413373245761163757e-02
1.267633816908454399e-05,2.362330525240751919e-02
1.268634317158579358e-05,2.105694193078970489e-02
1.269634817408704486e-05,1.695649310502861731e-02
1.270635317658829444e-05,1.191536544482563187e-02
1.271635817908954572e-05,6.531871738867199920e-03
1.272636318159079700e-05,1.351291769013975887e-03
1.273636818409204658e-05,-3.178799725515931568e-03
1.274637318659329786e-05,-6.737349360291395792e-03
1.275637818909454744e-05,-9.142161329712968076e-03
1.276638319159579872e-05,-1.034688479741559947e-02
1.277638819409705000e-05,-1.042517572459064970e-02
1.278639319659829958e-05,-9.545490091932512175e-03
1.279639819909955086e-05,-7.940408225714581936e-03
1.280640320160080214e-05,-5.874366114485506801e-03
1.281640820410205172e-05,-3.613249769079939725e-03
1.282641320660330300e-05,-1.398595331070086800e-03
1.283641820910455258e-05,5.717505555507825616e-04
1.284642321160580386e-05,2.155599022838440570e-03
1.285642821410705514e-05,3.270996048500657023e-03
1.286643321660830472e-05,3.894142022925193170e-03
1.287643821910955600e-05,4.051945849920293372e-03
1.288644322161080558e-05,3.810840968052848620e-03
1.289644822411205686e-05,3.263603490950923915e-03
1.290645322661330814e-05,2.515827069040181552e-03
1.291645822911455772e-05,1.673466499510319148e-03
1.292646323161580900e-05,8.325139961540237469e-04
1.293646823411705858e-05,7.147261453054488262e-05
1.294647323661830986e-05,-5.531087023084614585e-04
1.295647823911956114e-05,-1.008132415224752276e-03
1.296648324162081072e-05,-1.282862199842186701e-03
1.297648824412206200e-05,-1.385821875087243958e-03
1.298649324662331328e-05,-1.340361714486398848e-03
1.299649824912456286e-05,-1.179583396142285098e-03
1.300650325162581414e-05,-9.412536629126366447e-04
1.301650825412706372e-05,-6.632212672817723153e-04
1.302651325662831500e-05,-3.797040723800021336e-04
1.303651825912956628e-05,-1.186548109736951457e-04
1.304652326163081586e-05,9.973630360132385866e-05
1.305652826413206714e-05,2.634717754633489556e-04
1.306653326663331672e-05,3.682756091265335487e-04
1.307653826913456800e-05,4.164467066307006799e-04
1.308654327163581928e-05,4.152878199949789511e-04
1.309654827413706886e-05,3.753547944253786688e-04
1.310655327663832014e-05,3.087402706441006654e-04
1.311655827913957142e-05,2.275591468632597069e-04
1.312656328164082100e-05,1.427481613908044439e-04
1.313656828414207228e-05,6.323640968831571827e-05
1.314657328664332187e-05,-4.506511554080156585e-06
1.315657828914457314e-05,-5.657850796979889358e-05
1.316658329164582442e-05,-9.147140324803505328e-05
1.317658829414707400e-05,-1.096939934769843218e-04
1.318659329664832528e-05,-1.132743194296153405e-04
1.319659829914957487e-05,-1.052184644301545528e-04
1.320660330165082614e-05,-8.899089906756545935e-05
1.321660830415207742e-05,-6.806491025007041810e-05
1.322661330665332701e-05,-4.557364178683353541e-05
1.323661830915457828e-05,-2.407499846801856172e-05
1.324662331165582956e-05,-5.428816613090835422e-06
1.325662831415707914e-05,9.226661119955170459e-06
1.326663331665833042e-05,1.941940471357572363e-05
1.327663831915958001e-05,2.523329548054003687e-05
1.328664332166083128e-05,2.716711300483499794e-05
1.329664832416208256e-05,2.598461750227784074e-05
1.330665332666333215e-05,2.257336919304784646e-05
1.331665832916458342e-05,1.782485280964790273e-05
1.332666333166583301e-05,1.254325274759354526e-05
1.333666833416708429e-05,7.385452002497069438e-06
1.334667333666833556e-05,2.830916241150238039e-06
1.335667833916958515e-05,-8.227072689933255716e-07
1.336668334167083642e-05,-3.444148480154106930e-06
1.337668834417208770e-05,-5.039763445608352478e-06
1.338669334667333729e-05,-5.717803223791800535e-06
1.339669834917458856e-05,-5.651200301367590620e-06
1.340670335167583815e-05,-5.043152524853381878e-06
1.341670835417708943e-05,-4.098409651164737719e-06
1.342671335667834070e-05,-3.001824433905463195e-06
1.343671835917959029e-05,-1.904557419371356142e-06
1.344672336168084157e-05,-9.174076774941317026e-07
1.345672836418209115e-05,-1.101161604733972012e-07
1.346673336668334243e-05,4.848514054870306222e-07
1.347673836918459370e-05,8.656251765945364230e-07
1.348674337168584329e-05,1.052833181536020114e-06
1.349674837418709457e-05,1.081324081948396035e-06
1.350675337668834584e-05,9.926396951794258564e-07
1.351675837918959543e-05,8.288368700313490373e-07
1.352676338169084671e-05,6.279513006078895122e-07
1.353676838419209629e-05,4.211392200103552961e-07
1.354677338669334757e-05,2.313415643628300979e-07
1.355677838919459884e-05,7.319278177378589095e-08
1.356678339169584843e-05,-4.616207997251606294e-08
1.357678839419709971e-05,-1.256839049745088629e-07
1.358679339669834929e-05,-1.687979591988112958e-07
1.359679839919960057e-05,-1.817443278109081942e-07
1.360680340170085185e-05,-1.721008475860759808e-07
1.361680840420210143e-05,-1.475890633957094168e-07
1.362681340670335271e-05,-1.152112780109839405e-07
1.363681840920460399e-05,-8.071669890063577008e-08
1.364682341170585357e-05,-4.835912073593000625e-08
1.365682841420710485e-05,-2.088738750788159836e-08
1.366683341670835443e-05,2.986708402683779561e-10
1.367683841920960571e-05,1.489270596570375872e-08
1.368684342171085699e-05,2.338424084917896798e-08
1.369684842421210657e-05,2.676416070272024027e-08
1.370685342671335785e-05,2.626472168926421430e-08
1.371685842921460743e-05,2.315228285065151669e-08
1.372686343171585871e-05,1.857964095847445426e-08
1.373686843421710999e-05,1.349613425060950919e-08
1.374687343671835957e-05,8.607791480454855126e-09
1.375687843921961085e-05,4.376562264519231967e-09
1.376688344172086213e-05,1.046645768653839732e-09
1.377688844422211171e-05,-1.313417977504667921e-09
1.378689344672336299e-05,-2.762496606118412705e-09
1.379689844922461257e-05,-3.439766998690319847e-09
1.380690345172586385e-05,-3.523670967815888397e-09
1.381690845422711513e-05,-3.199605835768808992e-09
1.382691345672836471e-05,-2.637198332962326256e-09
1.383691845922961599e-05,-1.976656065693780599e-09
1.384692346173086557e-05,-1.322821520110804707e-09
1.385692846423211685e-05,-7.451172724454897350e-10
1.386693346673336813e-05,-2.814815766638924959e-10
1.387693846923461771e-05,5.544881133957342741e-11
1.388694347173586899e-05,2.713439054135929323e-10
1.389694847423712027e-05,3.834351078601727846e-10
1.390695347673836985e-05,4.147049570666641515e-10
1.391695847923962113e-05,3.893651854367426534e-10
1.392696348174087071e-05,3.297114986812840633e-10
1.393696848424212199e-05,2.542554351594453615e-10
1.394697348674337327e-05,1.769192651067920968e-10
1.395697848924462285e-05,1.070283622766420018e-10
1.396698349174587413e-05,4.983212275889017199e-11
1.397698849424712371e-05,7.313734897227911961e-12
1.398699349674837499e-05,-2.090338672692787647e-11
1.399699849924962627e-05,-3.669063588557699461e-11
1.400700350175087585e-05,-4.267685350620592684e-11
1.401700850425212713e-05,-4.168024267506951917e-11
1.402701350675337841e-05,-3.631703405165818281e-11
1.403701850925462799e-05,-2.877102258763884901e-11
1.404702351175587927e-05,-2.069466734074516685e-11
1.405702851425712885e-05,-1.320714036937167572e-11
1.406703351675838013e-05,-6.955364129691752601e-12
1.407703851925963141e-05,-2.208549135913693184e-12
1.408704352176088099e-05,1.036829236859717474e-12
1.409704852426213227e-05,2.957749514974953589e-12
1.410705352676338186e-05,3.820777519995390068e-12
1.411705852926463313e-05,3.918023979100769064e-12
1.412706353176588441e-05,3.523384627513114168e-12
1.413706853426713400e-05,2.866925581260867102e-12
1.414707353676838527e-05,2.123869851060175571e-12
1.415707853926963655e-05,1.414169117278184892e-12
1.416708354177088613e-05,8.088304022996415963e-13
1.417708854427213741e-05,3.397507473991188505e-13
1.418709354677338700e-05,1.057918376254632406e-14
1.419709854927463827e-05,-1.930860532019119004e-13
1.420710355177588955e-05,-2.951510474985622671e-13
1.421710855427713914e-05,-3.225496708322176550e-13
1.422711355677839041e-05,-3.008474939685492994e-13
1.423711855927964000e-05,-2.516782678379796101e-13
1.424712356178089128e-05,-1.916334645506427789e-13
1.425712856428214255e-05,-1.321897616824093404e-13
1.426713356678339214e-05,-8.028843240627041799e-14
1.427713856928464341e-05,-3.924656650808427150e-14
1.428714357178589469e-05,-9.760825369009752899e-15
1.429714857428714428e-05,9.155648426083669932e-15
1.430715357678839555e-05,1.939317303933322930e-14
1.431715857928964514e-05,2.315820475691923688e-14
1.432716358179089642e-05,2.257676352741184895e-14
1.433716858429214769e-05,1.946356312451371903e-14
1.434717358679339728e-05,1.522079260547604806e-14
1.435717858929464855e-05,1.082829105272275311e-14
1.436718359179589814e-05,6.890338456946351130e-15
1.437718859429714942e-05,3.710807537599743665e-15
1.438719359679840069e-05,1.375972218735871252e-15
1.439719859929965028e-05,-1.685158692806327649e-16
1.440720360180090156e-05,-1.053881919924182310e-15
1.441720860430215283e-05,-1.440486585978886736e-15
1.442721360680340242e-05,-1.485716230574772239e-15
1.443721860930465370e-05,-1.325286283421075141e-15
1.444722361180590328e-05,-1.064915036163435594e-15
1.445722861430715456e-05,-7.792226111806426509e-16
1.446723361680840583e-05,-5.150539330168417852e-16
1.447723861930965542e-05,-2.969917495386808485e-16
1.448724362181090670e-05,-1.334527193589310587e-16
1.449724862431215628e-05,-2.234058839259576173e-17
1.450725362681340756e-05,4.429167715690735866e-17
1.451725862931465884e-05,7.676484784626099482e-17
1.452726363181590842e-05,8.544119091796515046e-17
1.453726863431715970e-05,7.936401149157735117e-17
1.454727363681841098e-05,6.564064711354924468e-17
1.455727863931966056e-05,4.933817221933584414e-17
1.456728364182091184e-05,3.369005288494382247e-17
1.457728864432216142e-05,2.045554928046490039e-17
1.458729364682341270e-05,1.031996701737773340e-17
1.459729864932466398e-05,3.265608848136318974e-18
1.460730365182591356e-05,-1.123187330567878980e-18
1.461730865432716484e-05,-3.433257020976125262e-18
1.462731365682841442e-05,-4.270731642175793856e-18
1.463731865932966570e-05,-4.172163587123829976e-18
1.464732366183091698e-05,-3.563408219744680637e-18
1.465732866433216656e-05,-2.751153670643244067e-18
1.466733366683341784e-05,-1.934102366729271591e-18
1.467733866933466912e-05,-1.223769157110914062e-18
1.468734367183591870e-05,-6.679055914716846177e-19
1.469734867433716998e-05,-2.722387085665076234e-19
1.470735367683841956e-05,-1.831820486020720489e-20
1.471735867933967084e-05,1.232419344262468753e-19
1.472736368184092212e-05,1.839010706562640840e-19
1.473736868434217170e-05,1.919837014139806117e-19
1.474737368684342298e-05,1.702192519226896476e-19
1.475737868934467256e-05,1.351466953488096989e-19
1.476738369184592384e-05,9.763535649149875972e-20
1.477738869434717512e-05,6.395175886498006639e-20
1.478739369684842470e-05,3.698075680178241280e-20
1.479739869934967598e-05,1.736272518779086458e-20
1.480740370185092726e-05,4.426883283084170254e-21
1.481740870435217684e-05,-3.116966195002183398e-21
1.482741370685342812e-05,-6.715324760188690582e-21
1.483741870935467770e-05,-7.697437112498195187e-21
1.484742371185592898e-05,-7.143324935160999880e-21
1.485742871435718026e-05,-5.847329737300830077e-21
1.486743371685842984e-05,-4.338598893750554706e-21
1.487743871935968112e-05,-2.929505574264455343e-21
1.488744372186093070e-05,-1.772310208694926400e-21
1.489744872436218198e-05,-9.122334039945630406e-22
1.490745372686343326e-05,-3.310598478746756462e-22
1.491745872936468284e-05,2.054720112530834221e-23
1.492746373186593412e-05,2.013875120999530550e-22
1.493746873436718540e-05,2.668562231527820042e-22
1.494747373686843498e-05,2.626067404608968069e-22
1.495747873936968626e-05,2.225973974796777768e-22
1.496748374187093584e-05,1.697454922845235158e-22
1.497748874437218712e-05,1.178670979812180332e-22
1.498749374687343840e-05,7.401504198654457739e-23
1.499749874937468798e-05,4.068726019544386591e-23
1.500750375187593926e-05,1.764556028189664941e-23
1.501750875437718885e-05,3.264608916903196448e-24
1.502751375687844012e-05,-4.562315049760842847e-24
1.503751875937969140e-05,-7.881883005925426871e-24
1.504752376188094099e-05,-8.408724876372382554e-24
1.505752876438219226e-05,-7.433620401913769899e-24
1.506753376688344354e-05,-5.838731263654909175e-24
1.507753876938469312e-05,-4.165984822470281457e-24
1.508754377188594440e-05,-2.702755970018275778e-24
1.509754877438719399e-05,-1.563709794379051271e-24
1.510755377688844526e-05,-7.584582915564753145e-25
1.511755877938969654e-05,-2.418193100132920639e-25
1.512756378189094613e-05,5.236600485147625738e-26
1.513756878439219740e-05,1.908957608161942121e-25
1.514757378689344699e-05,2.308028489061161532e-25
1.515757878939469826e-05,2.155714176606732645e-25
1.516758379189594954e-05,1.752838470774329409e-25
1.517758879439719913e-05,1.287335775803766140e-25
1.518759379689845040e-05,8.620798490297486427e-26
1.519759879939970168e-05,5.218328000908043163e-26
1.520760380190095127e-05,2.756220992332497057e-26
1.521760880440220254e-05,1.133877519920944444e-26
1.522761380690345213e-05,1.719988828813681068e-27
1.523761880940470341e-05,-3.196451784012192394e-27
1.524762381190595468e-05,-5.070380585015781620e-27
1.525762881440720427e-05,-5.183697685804521609e-27
1.526763381690845385e-05,-4.433009079805233457e-27
1.527763881940970682e-05,-3.386573594843826872e-27
1.528764382191095641e-05,-2.363897747406841662e-27
1.529764882441220599e-05,-1.513853518507663561e-27
1.530765382691345896e-05,-8.796803973084665358e-28
1.531765882941470855e-05,-4.472424912068996585e-28
1.532766383191595813e-05,-1.774344722998916246e-28
1.533766883441721110e-05,-2.571063101998532570e-29
1.534767383691846069e-05,4.774493217534753271e-29
1.535767883941971027e-05,7.398869033412959758e-29
1.536768384192095985e-05,7.487625196141259136e-29
1.537768884442221282e-05,6.439462413055225933e-29
1.538769384692346241e-05,5.060731862605034037e-29
1.539769884942471199e-05,3.755761050579070599e-29
1.540770385192596496e-05,2.682694644525141897e-29
1.541770885442721455e-05,1.866444044885884450e-29
1.542771385692846413e-05,1.272192089986909871e-29
1.543771885942971710e-05,8.479370091638143562e-30
1.544772386193096669e-05,5.454776405640262684e-30
1.545772886443221627e-05,3.280324016174285639e-30
1.546773386693346924e-05,1.706678838315324254e-30
1.547773886943471883e-05,5.766283210460676219e-31
1.548774387193596841e-05,-2.077205374092814677e-31
1.549774887443721799e-05,-7.123608338090884651e-31
1.550775387693847097e-05,-9.895311442010163090e-31
1.551775887943972055e-05,-1.087069683965357861e-30
1.552776388194097013e-05,-1.051339267435956839e-30
1.553776888444222311e-05,-9.264284376467187101e-31
1.554777388694347269e-05,-7.518852108042888368e-31
1.555777888944472227e-05,-5.605050514243581068e-31
1.556778389194597524e-05,-3.769740584999963787e-31
1.557778889444722483e-05,-2.176064487049125071e-31
1.558779389694847441e-05,-9.105341390753177489e-32
1.559779889944972738e-05,3.198872219302648545e-34
1.560780390195097697e-05,5.873603478658839346e-32
1.561780890445222655e-05,8.928992878601703407e-32
1.562781390695347614e-05,9.843563156920543789e-32
1.563781890945472911e-05,9.280057305286099763e-32
1.564782391195597869e-05,7.836895189977329127e-32
1.565782891445722827e-05,6.001401886600839026e-32
1.566783391695848125e-05,4.132033810232897847e-32
1.567783891945973083e-05,2.461966881133727238e-32
1.568784392196098041e-05,1.116291575994183755e-32
1.569784892446223339e-05,1.360102687707748049e-33
1.570785392696348297e-05,-4.964572962993286280e-33
1.571785892946473255e-05,-8.338882668280939729e-33
1.572786393196598553e-05,-9.450748702379252741e-33
1.573786893446723511e-05,-9.006696593181534571e-33
1.574787393696848469e-05,-7.639658153387719280e-33
1.575787893946973428e-05,-5.859452089981840509e-33
1.576788394197098725e-05,-4.036426038166948591e-33
1.577788894447223683e-05,-2.408119128223094049e-33
1.578789394697348642e-05,-1.099670949155756692e-33
1.579789894947473939e-05,-1.504077587187980147e-34
1.580790395197598897e-05,4.589412724618137863e-34
1.581790895447723856e-05,7.819764155565263128e-34
1.582791395697849153e-05,8.871990631757077129e-34
1.583791895947974111e-05,8.440142167611210364e-34
1.584792396198099070e-05,7.138636949308433584e-34
1.585792896448224367e-05,5.456666466684337790e-34
1.586793396698349325e-05,3.745176697341433667e-34
1.587793896948474283e-05,2.225814609352619528e-34
1.588794397198599242e-05,1.012478479740365220e-34
1.589794897448724539e-05,1.380581007042438516e-35
1.590795397698849497e-05,-4.189075887007328880e-35
1.591795897948974456e-05,-7.109329257542214621e-35
1.592796398199099753e-05,-8.032716375418756688e-35
1.593796898449224711e-05,-7.609764627153466791e-35
1.594797398699349670e-05,-6.409048448848388317e-35
1.595797898949474967e-05,-4.877880685444540394e-35
1.596798399199599925e-05,-3.333085765658003591e-35
1.597798899449724884e-05,-1.971550599921107320e-35
1.598799399699850181e-05,-8.916942489144356886e-36
1.599799899949975139e-05,-1.190043720620187197e-36
1.600800400200100098e-05,3.691081326661594306e-36
1.601800900450225056e-05,6.219862582575020851e-36
1.602801400700350353e-05,6.992530058944207033e-36
1.603801900950475312e-05,6.593905829322848870e-36
1.604802401200600270e-05,5.528635649437389886e-36
1.605802901450725567e-05,4.189008740214226302e-36
1.606803401700850525e-05,2.849311217120519632e-36
1.607803901950975484e-05,1.677185788362555172e-36
1.608804402201100781e-05,7.539977139726582514e-37
1.609804902451225739e-05,9.815738861126895471e-38
1.610805402701350698e-05,-3.126862965647445784e-37
1.611805902951475995e-05,-5.229444962947129198e-37
1.612806403201600953e-05,-5.848848446538624403e-37
1.613806903451725912e-05,-5.489723510394087474e-37
1.614807403701850870e-05,-4.582075933647931648e-37
1.615807903951976167e-05,-3.456210169395875202e-37
1.616808404202101126e-05,-2.340091611041230454e-37
1.617808904452226084e-05,-1.370702638490717341e-37
1.618809404702351381e-05,-6.124765782764397441e-38
1.619809904952476340e-05,-7.769573336375259542e-39
1.620810405202601298e-05,2.545097620496211250e-38
1.621810905452726595e-05,4.224298970224888085e-38
1.622811405702851554e-05,4.700282437970747899e-38
1.623811905952976512e-05,4.391088897778458949e-38
1.624812406203101809e-05,3.648533949651401076e-38
1.625812906453226767e-05,2.739675631112870838e-38
1.626813406703351726e-05,1.846436284399255213e-38
1.627813906953476684e-05,1.076245481777147246e-38
1.628814407203601981e-05,4.779771975907898369e-39
1.629814907453726940e-05,5.904096988615624747e-40
1.630815407703851898e-05,-1.990215302303015018e-39
1.631815907953977195e-05,-3.278409166853175331e-39
1.632816408204102154e-05,-3.629006790128965369e-39
1.633816908454227112e-05,-3.374459688787892950e-39
1.634817408704352409e-05,-2.791159156306128555e-39
1.635817908954477368e-05,-2.086449928228331584e-39
1.636818409204602326e-05,-1.399732593036462535e-39
1.637818909454727623e-05,-8.118716803076624990e-40
1.638819409704852582e-05,-3.583662538683694741e-40
1.639819909954977540e-05,-4.307245796713731756e-41
1.640820410205102498e-05,1.495169857318269311e-40
1.641820910455227796e-05,2.444438460744368526e-40
1.642821410705352754e-05,2.691911664369517468e-40
1.643821910955477712e-05,2.491414271987791325e-40
1.644822411205603010e-05,2.051448506472575832e-40
1.645822911455727968e-05,1.526604362950310554e-40
1.646823411705852926e-05,1.019448164074808828e-40
1.647823911955978223e-05,5.883985379390536712e-41
1.648824412206103182e-05,2.581366422915291249e-41
1.649824912456228140e-05,3.016620793351098167e-42
1.650825412706353437e-05,-1.079134086198055161e-41
1.651825912956478396e-05,-1.751065008167454473e-41
1.652826413206603354e-05,-1.918416472505340469e-41
1.653826913456728313e-05,-1.767247044462342136e-41
1.654827413706853610e-05,-1.448593077039966013e-41
1.655827913956978568e-05,-1.073135899320180094e-41
1.656828414207103526e-05,-7.133366519296020361e-42
1.657828914457228824e-05,-4.096980750685028105e-42
1.658829414707353782e-05,-1.786383943315701206e-42
1.659829914957478740e-05,-2.028138257581740142e-43
1.660830415207604038e-05,7.482639415744331134e-43
1.661830915457728996e-05,1.205126476129940847e-42
1.662831415707853954e-05,1.313511988214269588e-42
1.663831915957979252e-05,1.204365162362806305e-42
1.664832416208104210e-05,9.827475082096301953e-43
1.665832916458229168e-05,7.247573617023548639e-43
1.666833416708354127e-05,4.795492810191691943e-43
1.667833916958479424e-05,2.740718294516621285e-43
1.668834417208604382e-05,1.187688340206733963e-43
1.669834917458729341e-05,1.308907691575665027e-44
1.670835417708854638e-05,-4.984584210170267126e-44
1.671835917958979596e-05,-7.968382953894412561e-44
1.672836418209104555e-05,-8.640407898120890576e-44
1.673836918459229852e-05,-7.885490447954283081e-44
1.674837418709354810e-05,-6.405414781725725737e-44
1.675837918959479768e-05,-4.702623758878589707e-44
1.676838419209605066e-05,-3.097285648429087249e-44
1.677838919459730024e-05,-1.761460871364738169e-44
1.678839419709854982e-05,-7.586346033886981738e-45
1.679839919959979941e-05,-8.108340455276963790e-46
1.680840420210105238e-05,3.190053439855919038e-45
1.681840920460230196e-05,5.061916728912733235e-45
1.682841420710355155e-05,5.460639575016732538e-45
1.683841920960480452e-05,4.960310258743907665e-45
1.684842421210605410e-05,4.011089240561067887e-45
1.685842921460730369e-05,2.931551427844552722e-45
1.686843421710855666e-05,1.921934505196306531e-45
1.687843921960980624e-05,1.087651385948668297e-45
1.688844422211105583e-05,4.655487910472454969e-46
1.689844922461230880e-05,4.821043907501087016e-47
1.690845422711355838e-05,-1.961381456680000057e-46
1.691845922961480797e-05,-3.089349488439162188e-46
1.692846423211605755e-05,-3.315597827381880088e-46
1.693846923461731052e-05,-2.997771877733645754e-46
1.694847423711856011e-05,-2.413165745234271716e-46
1.695847923961980969e-05,-1.755757310610348619e-46
1.696848424212106266e-05,-1.145790487016002820e-46
1.697848924462231224e-05,-6.452299824580510299e-47
1.698849424712356183e-05,-2.744732900106244560e-47
1.699849924962481480e-05,-2.751113585532654768e-48
1.700850425212606438e-05,1.158567759532101882e-47
1.701850925462731397e-05,1.811449994679033950e-47
1.702851425712856694e-05,1.934145992025590860e-47
1.703851925962981652e-05,1.740595794137133656e-47
1.704852426213106611e-05,1.394831479012603732e-47
1.705852926463231569e-05,1.010278560674309711e-47
1.706853426713356866e-05,6.562678693573629496e-48
1.707853926963481825e-05,3.677455758063520811e-48
1.708854427213606783e-05,1.554666469547747498e-48
1.709854927463732080e-05,1.506619612953916178e-49
1.710855427713857039e-05,-6.574704800009836036e-49
1.711855927963981997e-05,-1.020452839677400925e-48
1.712856428214107294e-05,-1.083991143539463012e-48
1.713856928464232253e-05,-9.709724086582742570e-49
1.714857428714357211e-05,-7.745796614085419592e-49
1.715857928964482508e-05,-5.585055210722193108e-49
1.716858429214607466e-05,-3.611323298999197871e-49
1.717858929464732425e-05,-2.013670727759634090e-49
1.718859429714857383e-05,-8.460120777187098266e-50
1.719859929964982680e-05,-7.917580367510031370e-51
1.720860430215107639e-05,3.584484426993747821e-50
1.721860930465232597e-05,5.522895484844188151e-50
1.722861430715357894e-05,5.836752744358967614e-50
1.723861930965482853e-05,5.203858278328163514e-50
1.724862431215607811e-05,4.132569818116573863e-50
1.725862931465733108e-05,2.966357470390218221e-50
1.726863431715858067e-05,1.909241618777480538e-50
1.727863931965983025e-05,1.059345265253251254e-50
1.728864432216108322e-05,4.423010890884620553e-51
1.729864932466233281e-05,3.992431942645912389e-52
1.730865432716358239e-05,-1.877469673056288259e-51
1.731865932966483197e-05,-2.871759226570204950e-51
1.732866433216608495e-05,-3.019436796421827011e-51
1.733866933466733453e-05,-2.679499284691166143e-51
1.734867433716858411e-05,-2.118283439919642265e-51
1.735867933966983708e-05,-1.513662952436845714e-51
1.736868434217108667e-05,-9.697609846775116918e-52
1.737868934467233625e-05,-5.354200922861438548e-52
1.738869434717358922e-05,-2.221577637938726862e-52
1.739869934967483881e-05,-1.931509693810416831e-53
1.740870435217608839e-05,9.447461376660802589e-53
1.741870935467734136e-05,1.434618927177284586e-52
1.742871435717859095e-05,1.500685476844046683e-52
1.743871935967984053e-05,1.325535750368326074e-52
1.744872436218109012e-05,1.043176281316599503e-52
1.745872936468234309e-05,7.420694566120797219e-53
1.746873436718359267e-05,4.732360394889983638e-53
1.747873936968484225e-05,2.599919193010084181e-53
1.748874437218609523e-05,1.072030021996494492e-53
1.749874937468734481e-05,8.964453477434239758e-55
1.750875437718859439e-05,-4.567235943632348127e-54
1.751875937968984737e-05,-6.885451678776061939e-54
1.752876438219109695e-05,-7.165764142133252250e-54
1.753876938469234653e-05,-6.299975516917806399e-54
1.754877438719359951e-05,-4.935612987884295553e-54
1.755877938969484909e-05,-3.495180509121993870e-54
1.756878439219609867e-05,-2.218708258551879501e-54
1.757878939469734826e-05,-1.212922563619365496e-54
1.758879439719860123e-05,-4.969975993845371604e-55
1.759879939969985081e-05,-3.990853576442083113e-56
1.760880440220110040e-05,2.121231473231916818e-55
1.761880940470235337e-05,3.174941131008742597e-55
1.762881440720360295e-05,3.287338584326971607e-55
1.763881940970485254e-05,2.876708759944247410e-55
1.764882441220610551e-05,2.243542260241972421e-55
1.765882941470735509e-05,1.581627984500199595e-55
1.766883441720860467e-05,9.993828003789132079e-56
1.767883941970985765e-05,5.436436613950665586e-56
1.768884442221110723e-05,2.213621926402775165e-56
1.769884942471235681e-05,1.703976533810912436e-57
1.770885442721360640e-05,-9.464967538678878880e-57
1.771885942971485937e-05,-1.406521254787860403e-56
1.772886443221610895e-05,-1.448890173734939513e-56
1.773886943471735854e-05,-1.262009282170558793e-56
1.774887443721861151e-05,-9.797994072333383889e-57
1.775887943971986109e-05,-6.876203919073684253e-57
1.776888444222111068e-05,-4.324867639461954474e-57
1.777888944472236365e-05,-2.341011782377343393e-57
1.778889444722361323e-05,-9.472275936165514859e-58
1.779889944972486282e-05,-6.976701694629299586e-59
1.780890445222611579e-05,4.057390477439503266e-58
1.781890945472736537e-05,5.986380504677335771e-58
1.782891445722861496e-05,6.135297173946140605e-58
1.783891945972986454e-05,5.319108180850253853e-58
1.784892446223111751e-05,4.111022485431139737e-58
1.785892946473236709e-05,2.872121643955454791e-58
1.786893446723361668e-05,1.798138111223525709e-58
1.787893946973486965e-05,9.685027899913806462e-59
1.788894447223611923e-05,3.894098129140029753e-59
1.789894947473736882e-05,2.738728277547869586e-60
1.790895447723862179e-05,-1.670979984318505009e-59
1.791895947973987137e-05,-2.447877883330061648e-59
1.792896448224112096e-05,-2.496001548073044327e-59
1.793896948474237393e-05,-2.153895947433121974e-59
1.794897448724362351e-05,-1.657189962025861348e-59
1.795897948974487310e-05,-1.152568075933079577e-59
1.796898449224612268e-05,-7.182614260561620220e-60
1.797898949474737565e-05,-3.849516160707521207e-60
1.798899449724862524e-05,-1.538016586640943140e-60
1.799899949974987482e-05,-1.030557677535282681e-61
1.800900450225112779e-05,6.611387434250601763e-61
1.801900950475237738e-05,9.616623361079219938e-61
1.802901450725362696e-05,9.755807273799122274e-61
1.803901950975487993e-05,8.379541159096714221e-61
1.804902451225612952e-05,6.418070716472117155e-61
1.805902951475737910e-05,4.443651749924527857e-61
1.806903451725863207e-05,2.756457557644396756e-61
1.807903951975988165e-05,1.470006994359091948e-61
1.808904452226113124e-05,5.836018278523900244e-62
1.809904952476238082e-05,3.716370832262652035e-63
1.810905452726363379e-05,-2.513107327690576774e-62
1.811905952976488338e-05,-3.629634626251738318e-62
1.812906453226613296e-05,-3.663453582070369538e-62
1.813906953476738593e-05,-3.132026172993689272e-62
1.814907453726863552e-05,-2.388066763257789842e-62
1.815907953976988510e-05,-1.645974556245876439e-62
1.816908454227113807e-05,-1.016317354928716520e-62
1.817908954477238766e-05,-5.393126739649026720e-63
1.818909454727363724e-05,-2.127520151038307976e-63
1.819909954977489021e-05,-1.284019324230309488e-64
1.820910455227613980e-05,9.177548341621635043e-64
1.821910955477738938e-05,1.316166010401117697e-63
1.822911455727863896e-05,1.321682979845733232e-63
1.823911955977989194e-05,1.124708954526570328e-63
1.824912456228114152e-05,8.536860658554733402e-64
1.825912956478239110e-05,5.857548460041301866e-64
1.826913456728364407e-05,3.600117172093689775e-64
1.827913956978489366e-05,1.900946136829798745e-64
1.828914457228614324e-05,7.451300055951566847e-65
1.829914957478739621e-05,4.249052207105314653e-66
1.830915457728864580e-05,-3.219879997242654280e-65
1.831915957978989538e-05,-4.585280492290343534e-65
1.832916458229114835e-05,-4.581134355207647985e-65
1.833916958479239794e-05,-3.880293270359118664e-65
1.834917458729364752e-05,-2.931971090428429832e-65
1.835917958979489710e-05,-2.002711229114146475e-65
1.836918459229615008e-05,-1.225217492780255264e-65
1.837918959479739966e-05,-6.437347356772608166e-66
1.838919459729864924e-05,-2.507215530858724106e-66
1.839919959979990222e-05,-1.346225144261646873e-67
1.840920460230115180e-05,1.085300980559447646e-66
1.841920960480240138e-05,1.534718168209662206e-66
1.842921460730365436e-05,1.525555078586835306e-66
1.843921960980490394e-05,1.286170597291475090e-66
1.844922461230615352e-05,9.674553650387713560e-67
1.845922961480740649e-05,6.578554007041560799e-67
1.846923461730865608e-05,4.006074273430507177e-67
1.847923961980990566e-05,2.094363270559323397e-67
1.848924462231115525e-05,8.104989336697562297e-68
1.849924962481240822e-05,4.081821623116445722e-69
1.850925462731365780e-05,-3.514457930967893152e-68
1.851925962981490739e-05,-4.935133061145636443e-68
1.852926463231616036e-05,-4.880809875653024314e-68
1.853926963481740994e-05,-4.095832934220246647e-68
1.854927463731865953e-05,-3.066987129691691715e-68
1.855927963981991250e-05,-2.076118907703380061e-68
1.856928464232116208e-05,-1.258444471202284171e-68
1.857928964482241166e-05,-6.546437196483788043e-69
1.858929464732366464e-05,-2.517180165322610859e-69
1.859929964982491422e-05,-1.183767260882905035e-70
1.860930465232616380e-05,1.093362779299110991e-69
1.861930965482741339e-05,1.524672683610428942e-69
1.862931465732866636e-05,1.500254814414879134e-69
1.863931965982991594e-05,1.253128253882004316e-69
1.864932466233116553e-05,9.341201327656010978e-70
1.865932966483241850e-05,6.294825125676236428e-70
1.866933466733366808e-05,3.798029780324719132e-70
1.867933966983491767e-05,1.965920316029996947e-70
1.868934467233617064e-05,7.510643372885599642e-71
1.869934967483742022e-05,3.281464011527633773e-72
1.870935467733866981e-05,-3.267895349865435078e-71
1.871935967983992278e-05,-4.525451427359480254e-71
1.872936468234117236e-05,-4.430444609422410700e-71
1.873936968484242195e-05,-3.683481076064484263e-71
1.874937468734367153e-05,-2.733400528264880782e-71
1.875937968984492450e-05,-1.833685205914107132e-71
1.876938469234617408e-05,-1.101265209213890476e-71
1.877938969484742367e-05,-5.671980323886977460e-72
1.878939469734867664e-05,-2.152984377221110802e-72
1.879939969984992622e-05,-8.687644116823408680e-74
1.880940470235117581e-05,9.383612126976042992e-73
1.881940970485242878e-05,1.290490306833554647e-72
1.882941470735367836e-05,1.257010024613523855e-72
1.883941970985492795e-05,1.040233888804391919e-72
1.884942471235618092e-05,7.684463966944977138e-73
1.885942971485743050e-05,5.131868945295204409e-73
1.886943471735868009e-05,3.067854190459482086e-73
1.887943971985992967e-05,1.572213091356320334e-73
1.888944472236118264e-05,5.929327286310581351e-74
1.889944972486243223e-05,2.194423382264659822e-75
1.890945472736368181e-05,-2.588630951188220627e-74
1.891945972986493478e-05,-3.535535082284416909e-74
1.892946473236618437e-05,-3.426409952715360755e-74
1.893946973486743395e-05,-2.822365070812256167e-74
1.894947473736868692e-05,-2.075552130948148896e-74
1.895947973986993650e-05,-1.379863085273609226e-74
1.896948474237118609e-05,-8.210824088288161674e-75
1.897948974487243906e-05,-4.186932661762154995e-75
1.898949474737368864e-05,-1.568811207541417020e-75
1.899949974987493823e-05,-5.281352758149399879e-77
1.900950475237618781e-05,6.860701830337420214e-76
1.901950975487744078e-05,9.306001862706958327e-76
1.902951475737869037e-05,8.973235386925949959e-76
1.903951975987993995e-05,7.357072165055928656e-76
1.904952476238119292e-05,5.385964371869088117e-76
1.905952976488244251e-05,3.564561383096593903e-76
1.906953476738369209e-05,2.111290606494688716e-76
1.907953976988494506e-05,1.071244011807463947e-76
1.908954477238619465e-05,3.987829353152386503e-77
1.909954977488744423e-05,1.208970220718720824e-78
1.910955477738869720e-05,-1.746889329348134439e-77
1.911955977988994679e-05,-2.353307688631111455e-77
1.912956478239119637e-05,-2.257708965358845046e-77
1.913956978489244595e-05,-1.842495693165810042e-77
1.914957478739369893e-05,-1.342774451834518720e-77
1.915957978989494851e-05,-8.846792892573993450e-78
1.916958479239619809e-05,-5.215770985709973518e-78
1.917958979489745106e-05,-2.633229360648846218e-78
1.918959479739870065e-05,-9.738744592560698607e-79
1.919959979989995023e-05,-2.626040846851650159e-80
1.920960480240120320e-05,4.273274644281186499e-79
1.921960980490245279e-05,5.717443758435881366e-79
1.922961480740370237e-05,5.457528576826834695e-79
1.923961980990495534e-05,4.433202668864627863e-79
1.924962481240620493e-05,3.216269453352294413e-79
1.925962981490745451e-05,2.109479371571255917e-79
1.926963481740870409e-05,1.237936135378516083e-79
1.927963981990995707e-05,6.218659937662796799e-80
1.928964482241120665e-05,2.284913790868991044e-80
1.929964982491245623e-05,5.394589521218690646e-82
1.930965482741370921e-05,-1.004280223190959498e-80
1.931965982991495879e-05,-1.334543431068838065e-80
1.932966483241620837e-05,-1.267457036852309937e-80
1.933966983491746135e-05,-1.024798146487455367e-80
1.934967483741871093e-05,-7.401360287622654361e-81
1.935967983991996051e-05,-4.832527832882773277e-81
1.936968484242121348e-05,-2.822846026969493114e-81
1.937968984492246307e-05,-1.410953669277502445e-81
1.938969484742371265e-05,-5.150353006135862612e-82
1.939969984992496224e-05,-1.042967961076537675e-83
1.940970485242621521e-05,2.267502775022524637e-82
1.941970985492746479e-05,2.992754965710462179e-82
1.942971485742871438e-05,2.828001574253515348e-82
1.943971985992996735e-05,2.275981451213826707e-82
1.944972486243121693e-05,1.636365928326054186e-82
1.945972986493246651e-05,1.063611692177492351e-82
1.946973486743371949e-05,6.184226111564431884e-83
1.947973986993496907e-05,3.075647154513963623e-83
1.948974487243621865e-05,1.115332637520779097e-83
1.949974987493747163e-05,1.883473666496756197e-85
1.950975487743872121e-05,-4.918579282423426356e-84
1.951975987993997079e-05,-6.447884653406323174e-84
1.952976488244122038e-05,-6.062269263466953539e-84
1.953976988494247335e-05,-4.856336239928561942e-84
1.954977488744372293e-05,-3.475834376117671929e-84
1.955977988994497252e-05,-2.249062363985569471e-84
1.956978489244622549e-05,-1.301645576530615652e-84
1.957978989494747507e-05,-6.441219036418755890e-85
1.958979489744872466e-05,-2.320448647506889756e-85
1.959979989994997763e-05,-3.137110735726665009e-87
1.960980490245122721e-05,1.025015836249881670e-85
1.961980990495247680e-05,1.334661168279551860e-85
1.962981490745372977e-05,1.248532859313095492e-85
1.963981990995497935e-05,9.955393323480392727e-86
1.964982491245622894e-05,7.093286200422079994e-86
1.965982991495747852e-05,4.569088274003143197e-86
1.966983491745873149e-05,2.632142189952601499e-86
1.967983991995998107e-05,1.296007191906863851e-86
1.968984492246123066e-05,4.638094013975068126e-87
1.969984992496248363e-05,4.706324844246486125e-89
1.970985492746373321e-05,-2.052204523237581238e-87
1.971985992996498280e-05,-2.654192817027913952e-87
1.972986493246623577e-05,-2.470437746079642216e-87
1.973986993496748535e-05,-1.960729771705504908e-87
1.974987493746873494e-05,-1.390739069926893811e-87
1.975987993996998791e-05,-8.917995589872827050e-88
1.976988494247123749e-05,-5.113698930601167496e-88
1.977988994497248708e-05,-2.505269948858107959e-88
1.978989494747373666e-05,-8.906499857807833654e-89
1.979989994997498963e-05,-6.029647273400513045e-91
1.980990495247623922e-05,3.947389544832014676e-89
1.981990995497748880e-05,5.071093373957904796e-89
1.982991495747874177e-05,4.696313050944996293e-89
1.983991995997999136e-05,3.710109351764712893e-89
1.984992496248124094e-05,2.619712250271004560e-89
1.985992996498249391e-05,1.672301621085660436e-89
1.986993496748374349e-05,9.544873342332415937e-90
1.987993996998499308e-05,4.652746669554223416e-90
1.988994497248624605e-05,1.643139404026972777e-90
1.989994997498749563e-05,5.566390318215539263e-93
1.990995497748874522e-05,-7.294553701808987223e-91
1.991995997998999480e-05,-9.308473182220743737e-91
1.992996498249124777e-05,-8.577275384412094574e-91
1.993996998499249736e-05,-6.744741744790366200e-91
1.994997498749374694e-05,-4.741014567006196575e-91
1.995997998999499991e-05,-3.012809138410056769e-91
1.996998499249624950e-05,-1.711647721010006519e-91
1.997998999499749908e-05,-8.301795518843078476e-92
1.998999499749875205e-05,-2.912335990237603808e-92
2.000000000000000164e-05,7.389648312316661125e-105
